Name,Web of Science Documents,Times Cited,Collab-CNCI,Rank,% Docs Cited,Category Normalized Citation Impact,% Documents in Top 1%,% Documents in Top 10%,Documents in Top 1%,Documents in Top 10%,year
SWITZERLAND,24154,2705248,0.946748,8,97.93,1.024815,0.89,10.87,97,230,2023
CHINA,2185,157320,1.575928,44,99.6,0.900623,2.98,19.26,323,121,2014
CHINA,6896,744768,1.032983,42,95.23,1.679004,1.08,11.36,455,662,2013
UNITED KINGDOM,2399,177526,1.586585,3,99.21,1.444246,1.63,10.2,98,2463,2005
ITALY,10753,301084,0.812773,2,98.35,1.252122,0.81,17.43,440,134,2004
SPAIN,15041,1504100,1.007024,40,98.7,1.240125,1.02,18.52,486,802,2006
AUSTRALIA,7373,464499,1.551599,36,97.93,1.637499,0.72,12.94,199,2443,2003
BRAZIL,24776,2502376,1.231754,24,96.75,1.124748,1.86,12.11,24,164,2005
SPAIN,16716,1504440,1.138721,1,95.97,0.904418,2.54,20.6,172,518,2023
INDIA,13166,315984,1.541041,41,99.48,1.580031,1.62,11.43,416,1851,2009
CANADA,25880,3053840,1.273038,22,99.35,1.277772,0.8,20.7,266,1128,2006
ENGLAND,24269,2960818,0.832347,15,97.09,0.920335,0.77,10.47,240,663,2016
CANADA,22000,2530000,1.356413,37,96.22,1.228306,2.39,13.43,169,1822,2015
AUSTRALIA,28390,2980950,1.504374,42,98.96,1.406723,2.68,22.06,53,1463,2022
SOUTH KOREA,16657,1565758,1.059476,28,96.75,1.625463,1.18,19.72,130,2775,2017
SWEDEN,22748,500456,0.805562,8,97.62,1.287864,2.23,14.04,161,2098,2011
BRAZIL,8494,1163678,0.975011,24,98.44,1.190904,2.93,24.44,304,1736,2013
ENGLAND,20580,2058000,1.013425,2,97.46,0.941183,1.2,23.62,412,1761,2025
SWITZERLAND,22133,1593576,1.191562,32,97.71,1.374157,0.7,15.54,410,866,2012
GERMANY,4889,210227,1.176241,34,98.1,1.32862,0.73,22.53,133,286,2021
FRANCE,12089,1353968,1.486687,36,95.08,1.309674,1.07,19.68,317,588,2016
ENGLAND,19860,2919420,1.214201,40,95.67,1.172853,0.78,23.87,487,1734,2017
SWITZERLAND,17146,1868914,1.585735,49,96.19,0.974482,2.74,23.51,18,1782,2010
JAPAN,15651,1142523,1.4239,24,99.17,1.648508,2.46,20.03,263,2657,2023
SWITZERLAND,6092,718856,1.578931,18,95.79,1.338987,2.23,19.78,178,260,2014
USA,6199,322348,1.195115,48,98.66,1.419706,2.62,19.86,42,2835,2008
GERMANY,5055,677370,1.309066,22,96.2,1.678408,1.48,23.38,292,2174,2019
FRANCE,17109,684360,1.20211,28,98.28,1.591334,1.08,17.49,13,646,2016
USA,11812,425232,1.59564,30,99.67,1.631892,1.43,10.23,289,2644,2017
BRAZIL,801,91314,1.570896,33,95.37,1.144558,0.98,14.03,332,227,2009
CANADA,27141,1194204,1.115753,3,97.79,0.977741,2.04,24.85,459,254,2024
ITALY,11229,1673121,1.058041,40,98.42,1.461987,1.4,14.4,256,637,2012
JAPAN,6486,447534,1.493658,13,95.4,0.904148,2.07,12.91,273,2659,2019
GERMANY,8673,1162182,1.070396,28,97.84,1.250779,2.18,14.92,195,674,2024
SWITZERLAND,28337,4080528,1.471147,22,96.23,0.931068,1.26,18.06,110,2411,2025
SWEDEN,20008,1580632,0.972657,5,97.24,1.573618,0.99,16.17,364,2970,2012
SPAIN,7579,538109,0.906196,42,96.58,1.536149,1.18,16.58,448,1469,2010
UNITED KINGDOM,25816,3510976,0.864698,9,98.37,0.946555,2.79,16.64,105,1241,2007
FRANCE,17443,1883844,1.328158,1,99.68,1.490318,1.89,19.18,256,253,2021
NETHERLANDS,2179,228795,0.811515,14,95.45,0.975326,1.28,24.69,462,1327,2015
CHINA,11651,1211704,1.178777,33,97.28,1.419819,0.62,24.24,109,2949,2021
BRAZIL,28327,3257605,1.485192,5,98.35,1.392681,2.86,24.16,485,995,2017
BRAZIL,23187,2388261,1.260379,35,98.15,1.266602,1.86,24.12,332,1540,2005
SWITZERLAND,13979,1300047,0.965347,29,95.34,0.980622,0.55,11.42,44,2874,2015
SPAIN,27972,3048948,1.055181,26,98.34,1.1725,1.15,17.44,323,1749,2006
ITALY,26592,2499648,1.501978,36,97.05,1.674064,1.87,16.35,417,2339,2004
SWEDEN,19670,2321060,1.130094,18,96.23,1.364435,2.67,18.43,277,1648,2025
SPAIN,11018,1300124,0.882499,17,97.62,1.297249,1.47,14.46,28,2324,2019
SOUTH KOREA,14423,1370185,1.083924,28,99.66,1.660486,1.93,19.48,382,495,2016
SPAIN,24076,3418792,0.970182,23,98.83,0.990772,2.83,24.61,407,733,2012
FRANCE,9848,925712,0.893654,12,98.37,1.569571,2.67,22.58,183,1776,2023
INDIA,18075,831450,1.364994,5,97.52,1.086582,1.95,22.95,351,599,2009
SWEDEN,26756,2408040,1.588801,4,96.72,1.466545,1.7,15.67,176,190,2018
UNITED KINGDOM,25789,2811001,1.064202,3,96.24,1.224162,1.93,21.11,465,928,2017
SPAIN,25970,3220280,1.395369,3,97.86,1.669738,1.44,14.29,321,1028,2019
INDIA,5529,751944,1.570578,44,99.79,1.344804,1.31,10.65,222,302,2006
BRAZIL,11503,448617,0.860348,47,98.08,1.456599,1.64,19.41,383,2803,2016
USA,9162,284022,1.566962,16,99.36,1.264525,2.05,14.16,357,2823,2007
FRANCE,29261,2311619,1.266925,28,96.77,1.10796,1.63,10.48,210,1028,2014
ENGLAND,23016,1496040,0.86096,6,99.65,1.480576,2.03,16.27,321,897,2003
SWEDEN,24293,3109504,0.931867,33,98.81,1.284296,2.96,15.65,291,162,2015
INDIA,20809,1623102,1.473695,13,95.31,0.929457,0.83,10.21,320,617,2012
CANADA,13263,1511982,1.399929,3,97.72,1.51519,2.86,22.74,154,2604,2006
CHINA,6497,129940,1.563241,13,96.02,1.602577,2.39,10.7,104,1674,2009
AUSTRALIA,14989,2053493,1.465097,12,99.0,1.674379,0.72,21.88,410,723,2006
USA,19698,1300068,1.136429,37,98.04,1.463264,1.03,12.05,261,2885,2022
CANADA,7449,513981,1.271934,30,97.72,0.972802,2.32,18.21,490,1458,2010
CHINA,21999,1077951,1.297669,17,99.65,1.017659,2.82,17.38,349,168,2022
USA,27669,691725,1.194094,13,96.02,1.36372,1.35,18.06,160,2995,2009
BRAZIL,6738,923106,1.358134,4,95.89,1.176534,2.74,17.11,102,771,2010
SWEDEN,10661,852880,0.953831,19,99.03,1.176066,1.37,10.48,335,2792,2024
NETHERLANDS,6876,213156,0.965067,34,95.63,1.16408,1.3,11.38,56,1244,2005
NETHERLANDS,10953,821475,1.498863,48,95.3,1.121502,2.52,21.22,262,1815,2025
ITALY,27842,1837572,1.096378,22,96.16,1.507964,1.83,20.81,163,625,2008
BRAZIL,15534,1165050,0.906494,3,99.39,1.309342,1.83,11.61,303,2886,2021
GERMANY,2406,81804,0.883895,37,95.89,1.351172,2.6,11.34,135,2959,2018
INDIA,5132,164224,1.274874,4,96.74,1.419058,1.7,18.76,479,2181,2016
SPAIN,13410,362070,1.269228,44,95.63,1.127021,1.41,19.69,235,2075,2009
SWITZERLAND,11054,1414912,1.064279,33,95.04,1.080266,1.41,17.32,359,2990,2021
USA,20401,1652481,1.444692,24,99.39,0.964187,1.81,16.16,45,1019,2014
SOUTH KOREA,5842,146050,1.118284,28,99.5,0.90424,2.94,17.36,495,1046,2009
CANADA,6060,593880,1.228029,26,96.37,1.515594,0.97,14.86,284,823,2020
SWITZERLAND,17108,667212,0.993928,47,98.47,1.514224,0.72,17.59,365,2992,2016
ENGLAND,18910,416020,0.841459,10,97.69,1.339138,1.0,20.27,93,420,2024
CHINA,1842,221040,0.802169,9,97.92,1.277261,1.53,15.23,314,1704,2017
FRANCE,12719,1233743,1.54635,11,99.6,1.044986,0.67,21.12,415,1955,2023
GERMANY,22352,2034032,1.462353,37,95.99,1.030925,0.91,22.22,388,177,2003
ENGLAND,8077,654237,1.087064,45,97.88,1.446386,1.63,20.71,297,2569,2014
FRANCE,6484,272328,1.150996,33,96.14,1.61966,1.46,18.15,113,2251,2005
SPAIN,4518,262044,0.893518,6,96.63,1.484439,2.23,12.5,120,1792,2019
SOUTH KOREA,5908,336756,1.401922,37,98.82,1.014502,1.01,20.71,14,1758,2023
CANADA,18749,2174884,0.882333,13,95.54,1.577162,0.82,15.96,166,2194,2019
SWEDEN,19255,1829225,1.417506,27,98.14,1.455159,1.86,13.78,78,1783,2012
SWITZERLAND,12798,1190214,1.074019,6,96.96,1.269605,2.87,12.3,150,1084,2024
CANADA,15828,2057640,1.380876,43,99.57,1.352107,2.24,23.84,337,226,2007
AUSTRALIA,20061,2226771,1.099548,9,97.08,1.489155,2.84,23.88,416,1892,2012
SWEDEN,11553,1386360,1.587873,46,95.91,1.569993,1.33,14.67,380,1035,2007
UNITED KINGDOM,3208,230976,1.068158,26,96.63,1.218535,1.84,23.8,395,574,2008
CANADA,25493,2804230,1.161774,43,95.16,1.6302,1.12,18.66,189,809,2006
SPAIN,20456,2188792,1.049179,29,97.84,1.405811,0.53,19.95,464,948,2020
CANADA,13895,1722980,0.91893,22,95.42,1.697499,1.76,18.93,150,1089,2015
ITALY,27338,3881996,1.439826,32,97.29,1.399981,1.44,22.55,28,2165,2004
INDIA,1268,122996,1.371247,2,97.62,1.28487,1.74,21.48,141,2020,2021
ENGLAND,20219,1496206,1.556892,32,96.33,1.617944,1.82,22.01,64,1923,2005
USA,20346,2278752,1.126388,3,96.13,1.437514,0.55,11.56,248,2726,2003
CHINA,7718,895288,1.245377,8,95.49,1.094538,2.31,22.84,409,551,2025
SOUTH KOREA,22503,1665222,1.517069,7,98.1,1.488724,2.62,11.84,412,1671,2011
FRANCE,18192,1837392,1.514137,47,98.06,1.168693,2.56,15.45,128,495,2016
SPAIN,18439,442536,1.076154,30,96.78,1.588854,1.05,24.62,373,1403,2018
SWEDEN,13380,1859820,1.588294,23,98.92,1.240171,0.56,14.03,49,336,2016
NETHERLANDS,1804,220088,0.974418,22,99.09,1.687522,1.81,12.58,224,904,2019
INDIA,16958,1509262,1.531439,21,98.99,1.298473,0.67,16.08,495,1501,2009
CANADA,13375,1417750,0.885263,22,95.67,1.620015,2.68,18.96,277,1872,2003
SOUTH KOREA,23020,1657440,0.940297,45,99.11,1.223505,2.43,16.33,139,1945,2004
CANADA,18270,1278900,0.87227,26,95.33,1.569663,1.59,23.73,196,2954,2009
ENGLAND,26326,1921798,1.18084,47,99.68,1.008001,1.71,14.05,248,1862,2016
SWITZERLAND,16350,1635000,1.197093,45,95.76,1.398666,1.69,15.17,305,1140,2024
GERMANY,22644,1811520,1.350722,42,97.25,0.960747,0.69,10.04,444,201,2025
USA,23893,740683,1.088779,44,98.96,1.669679,2.48,20.36,312,111,2004
ENGLAND,1841,182259,1.498357,8,98.13,1.507229,2.31,19.56,209,2613,2018
GERMANY,22271,1737138,1.590134,45,98.28,0.935332,1.97,24.99,291,349,2024
SPAIN,17274,570042,0.896418,7,96.46,1.639517,2.93,24.16,91,1089,2019
CANADA,19303,2354966,0.829606,31,96.79,1.348542,1.7,23.27,180,282,2003
BRAZIL,24010,3049270,1.257942,49,97.64,1.429324,2.34,17.8,435,1231,2021
CANADA,15729,1163946,1.169554,34,95.1,1.599761,1.82,24.09,236,2014,2023
INDIA,7706,500890,1.080569,49,96.97,1.2839,2.07,23.11,248,2524,2023
USA,4861,593042,1.218015,1,96.17,0.988379,1.39,14.31,333,245,2011
SOUTH KOREA,14769,827064,0.833675,1,99.46,0.936081,0.77,15.87,461,2334,2011
UNITED KINGDOM,10733,601048,1.429076,43,97.88,1.685864,2.71,19.01,71,1968,2010
ENGLAND,15061,1069331,0.851989,8,99.62,1.419717,2.02,17.69,339,325,2003
AUSTRALIA,17708,389576,1.460965,5,95.28,1.675282,2.71,23.92,387,1876,2008
INDIA,26672,3787424,1.116994,18,98.41,1.023117,2.54,13.37,129,992,2017
GERMANY,10722,1157976,1.274352,14,99.21,1.265946,1.48,14.09,38,1318,2022
ITALY,5516,524020,0.828338,15,98.21,1.340686,0.72,16.13,472,137,2011
INDIA,15163,1652767,1.226082,37,96.08,1.446607,0.69,22.77,49,1424,2025
JAPAN,15059,1219779,1.273926,3,96.7,1.442413,1.91,14.01,271,315,2025
SPAIN,7814,773586,1.326761,33,95.77,1.02832,1.34,13.58,190,1293,2015
FRANCE,29527,767702,1.50531,45,99.27,0.923398,2.56,11.93,372,1674,2015
CHINA,4498,454298,1.454374,14,98.71,1.106951,0.98,11.26,164,1236,2007
USA,2564,315372,1.007843,24,99.01,1.002759,1.21,10.28,242,1347,2007
UNITED KINGDOM,13781,1130042,1.113721,15,99.57,0.982008,2.84,20.32,251,830,2011
NETHERLANDS,15027,540972,1.416787,17,97.85,1.176706,2.05,10.69,315,803,2024
INDIA,17570,843360,1.156767,35,97.91,1.20689,0.66,22.32,376,2226,2025
ITALY,29075,2238775,0.800824,34,96.34,1.6977,1.57,16.77,48,986,2023
CANADA,3344,314336,0.976616,2,98.79,1.084043,0.83,23.02,391,2895,2025
SOUTH KOREA,28587,3173157,1.385016,47,97.06,1.410821,1.49,14.11,396,1630,2016
SWITZERLAND,7924,610148,1.515279,15,98.65,1.060287,2.67,20.72,283,1394,2017
INDIA,23519,1081874,1.574555,46,96.0,0.972932,0.88,16.81,59,2135,2016
SWEDEN,6842,766304,0.904996,24,99.51,1.39332,2.49,17.22,215,2602,2021
GERMANY,12036,1745220,1.348452,36,97.74,1.080432,0.9,19.77,126,2533,2025
FRANCE,22347,2033577,1.04829,13,95.73,1.271679,2.2,15.93,104,265,2015
ENGLAND,26643,799290,1.355986,33,99.67,1.626255,2.31,21.24,50,2548,2005
SWITZERLAND,7231,1012340,1.256724,15,97.44,1.394525,2.26,18.39,425,341,2014
ITALY,24916,523236,1.227394,41,96.72,0.926562,0.7,15.95,203,189,2010
INDIA,18593,2621613,1.440469,34,95.2,1.436308,2.88,11.86,132,2025,2016
GERMANY,18940,473500,1.293284,31,97.65,1.467248,2.68,20.71,327,1207,2003
INDIA,14129,1836770,1.45186,7,98.24,1.342401,1.99,21.76,392,614,2008
INDIA,24178,1450680,0.9312,14,95.4,0.948282,1.12,12.39,310,1366,2012
JAPAN,27245,2016130,1.176146,45,95.89,1.531759,2.15,17.47,91,2089,2006
INDIA,7557,423192,1.597067,41,97.42,0.965221,1.51,13.31,447,2082,2022
GERMANY,14018,1626088,1.472362,49,99.25,1.481735,2.36,16.38,13,2879,2023
SPAIN,26463,3837135,1.59012,24,97.66,1.311197,1.97,10.44,363,1635,2003
ENGLAND,12503,1062755,1.278179,36,97.07,1.121462,1.98,23.69,277,629,2008
NETHERLANDS,28699,1147960,1.38649,35,98.8,1.224248,2.0,19.49,23,2481,2012
UNITED KINGDOM,16885,2330130,1.130425,38,97.41,1.097785,2.68,16.68,240,2108,2013
FRANCE,3655,544595,0.876209,17,96.92,1.67553,1.15,19.85,458,1547,2005
SOUTH KOREA,21439,1372096,0.989622,31,96.16,0.958797,0.92,17.8,275,2991,2006
SWITZERLAND,13649,1692476,1.14471,20,97.88,1.658867,1.13,15.39,293,2056,2025
AUSTRALIA,19618,1334024,1.475336,44,97.19,1.591373,1.9,18.1,413,2481,2010
CANADA,16501,924056,1.549285,29,98.14,1.079761,0.95,11.33,170,1108,2004
UNITED KINGDOM,1729,53599,0.918675,24,98.36,0.913904,1.31,24.6,48,1346,2007
SPAIN,24235,1381395,0.911721,45,95.7,1.651856,2.33,12.44,350,228,2009
BRAZIL,9706,262062,0.924931,38,99.25,1.04172,2.23,22.57,227,2574,2018
NETHERLANDS,22973,3055409,0.995318,26,99.26,1.356488,0.58,23.96,311,2087,2024
UNITED KINGDOM,3572,178600,1.327108,48,98.19,0.985274,2.14,24.99,463,674,2004
ENGLAND,6204,670032,1.496603,9,95.44,1.130948,0.77,19.76,111,593,2024
CANADA,2167,262207,1.150538,34,98.74,1.538251,1.59,22.27,353,921,2023
SWEDEN,17338,1872504,1.062705,1,96.8,1.216938,2.24,15.83,482,1540,2009
ENGLAND,13092,706968,0.981816,26,97.88,1.034756,2.11,21.39,274,1126,2003
SWITZERLAND,23112,1040040,1.561183,2,97.35,0.920514,1.35,15.7,491,403,2008
CANADA,12056,759528,1.181356,43,98.75,1.550389,2.3,24.33,30,506,2025
ENGLAND,9706,960894,1.31798,15,96.19,1.641628,0.65,24.02,479,886,2011
JAPAN,14613,1417461,1.188697,48,97.56,1.436077,2.82,17.98,145,205,2003
CANADA,22423,470883,1.018099,4,99.03,1.317985,0.81,22.89,48,2306,2017
FRANCE,4154,311550,1.434726,42,99.5,1.239622,0.72,22.24,181,1499,2007
SOUTH KOREA,10400,1300000,0.889843,13,97.95,1.555351,2.71,13.42,18,1906,2022
FRANCE,16893,2381913,1.088618,42,99.41,1.182737,1.09,21.71,59,2811,2022
GERMANY,23558,2803402,1.138991,10,98.97,1.513325,0.87,16.36,78,2834,2014
CHINA,26660,3385820,1.490238,21,95.47,0.918911,2.1,19.11,169,1646,2004
BRAZIL,25725,2495325,1.305612,25,99.84,1.009152,2.24,16.06,383,2784,2020
BRAZIL,29084,1250612,0.902715,19,97.96,1.169782,2.76,21.59,45,843,2009
USA,14552,1688032,1.276601,9,96.58,1.081325,1.39,11.04,58,2975,2017
SOUTH KOREA,4213,101112,0.855945,32,97.65,1.604063,2.13,17.99,390,157,2020
NETHERLANDS,7926,832230,1.33559,23,96.85,1.190355,2.99,16.7,125,761,2016
FRANCE,12575,691625,1.569333,29,98.38,1.060747,1.84,11.45,130,2202,2011
ITALY,28035,869085,1.078057,12,99.81,1.279909,1.46,11.8,124,729,2004
USA,26616,3273768,1.41488,1,99.13,1.316766,2.06,11.34,240,899,2020
AUSTRALIA,22164,775740,1.205471,34,95.31,0.994119,1.07,15.13,370,440,2016
UNITED KINGDOM,3317,311798,1.460229,23,99.62,1.598669,0.9,21.79,152,441,2022
SWEDEN,5935,712200,1.112834,12,99.56,0.993093,2.54,15.71,225,1793,2024
CHINA,8129,699094,1.432024,14,95.4,1.222384,0.93,20.42,475,1911,2017
ENGLAND,22981,666449,1.457984,25,97.35,1.150982,2.02,12.09,345,921,2019
CHINA,8929,1285776,1.054025,35,96.95,1.017099,1.42,11.02,491,1063,2017
CANADA,17420,1707160,1.570492,12,99.73,1.245998,1.28,17.59,155,1951,2008
USA,2994,335328,0.81415,2,98.19,1.02162,0.65,21.71,275,2492,2006
UNITED KINGDOM,21621,3135045,1.595893,31,98.41,1.686943,1.1,12.13,338,1279,2016
AUSTRALIA,29361,3934374,0.942213,16,95.31,1.307538,2.99,22.21,368,1503,2008
BRAZIL,9511,675281,1.324579,38,97.09,1.004568,2.72,16.75,492,2666,2019
USA,27215,898095,0.94151,22,99.72,1.098864,0.83,16.28,239,2808,2024
UNITED KINGDOM,23677,1823129,0.951756,5,96.05,0.909697,1.1,24.64,347,2120,2021
AUSTRALIA,21152,1501792,1.012815,26,95.62,1.591728,1.11,19.78,236,1868,2020
FRANCE,28880,1761680,1.428013,13,95.65,0.98172,2.15,24.14,139,671,2003
CANADA,4131,198288,1.023494,40,97.26,1.409761,2.15,23.43,209,178,2016
AUSTRALIA,8580,909480,1.214726,19,95.52,1.69062,1.61,10.72,209,186,2011
SOUTH KOREA,3956,506368,1.441704,35,95.06,1.665201,2.34,15.3,375,1774,2011
USA,5031,236457,1.083873,5,97.69,1.564428,0.67,16.36,120,1091,2020
ENGLAND,7011,701100,1.036356,40,98.06,1.205552,1.01,11.82,391,2983,2020
SPAIN,26689,3309436,1.315123,10,98.91,1.134258,2.95,19.03,190,2307,2007
SWEDEN,15186,774486,1.2932,34,95.63,1.170614,2.82,13.37,162,587,2003
ENGLAND,6446,625262,1.151524,25,95.8,1.119033,2.82,20.14,444,785,2005
BRAZIL,19044,2647116,1.593932,32,96.55,1.603415,1.15,18.16,158,2808,2018
AUSTRALIA,16497,1072305,1.382793,7,95.88,0.943087,1.3,21.3,354,2681,2005
AUSTRALIA,23887,1146576,1.382358,2,95.65,1.480784,2.54,13.2,416,187,2003
JAPAN,25536,1046976,1.23379,33,97.49,1.138039,1.91,20.33,304,2255,2023
AUSTRALIA,9996,1469412,1.14704,8,97.26,0.907465,1.12,20.9,458,2023,2012
USA,15963,1324929,1.440057,43,96.52,1.493878,2.54,19.22,75,2259,2019
INDIA,5632,591360,1.478438,12,98.65,1.061984,2.9,15.52,84,1878,2007
BRAZIL,24786,2205954,1.501321,37,95.61,1.208301,2.11,21.71,236,1928,2012
NETHERLANDS,8409,613857,1.356495,21,95.14,1.033508,0.95,15.82,282,2730,2003
SWEDEN,3063,101079,1.378724,37,97.84,1.349188,1.9,19.05,171,693,2005
CHINA,14726,1163354,1.057686,46,95.73,1.456333,2.36,24.73,126,967,2024
CANADA,16563,629394,1.152159,36,95.6,1.488404,1.09,15.57,122,2910,2016
SWITZERLAND,25551,1686366,1.598678,45,95.85,1.410043,1.74,12.67,408,1833,2005
ITALY,19009,2718287,1.107066,9,99.66,1.062349,1.91,24.69,268,1072,2008
INDIA,14430,1904760,1.268648,45,98.42,1.643694,2.46,10.84,44,1021,2023
BRAZIL,16870,1484560,1.473547,37,97.36,1.248144,2.84,20.59,99,737,2011
CANADA,15578,903524,1.197169,1,98.82,0.905623,0.64,13.38,373,287,2008
NETHERLANDS,8236,411800,1.538098,25,99.69,0.955166,0.64,14.23,229,1002,2025
JAPAN,662,21846,0.999637,16,96.82,1.24311,2.61,14.02,338,1936,2023
ITALY,5847,736722,0.850123,43,95.68,1.325937,1.53,15.21,136,1522,2016
UNITED KINGDOM,14789,2055671,1.008126,37,99.81,1.105224,2.14,12.97,481,2452,2023
AUSTRALIA,18822,2522148,1.577604,12,96.71,0.991277,0.88,13.38,499,2474,2016
CHINA,1097,57044,1.218713,34,96.98,1.334037,2.48,18.23,107,1065,2019
SPAIN,18401,2152917,1.187757,21,95.69,1.43135,1.04,11.46,153,2003,2024
SWITZERLAND,13222,1903968,1.399427,12,95.31,1.310002,2.52,16.89,201,2390,2004
SOUTH KOREA,2354,160072,0.961091,7,99.27,1.335878,2.4,21.31,152,2523,2012
SWEDEN,11483,1125334,1.503665,28,96.25,1.65731,1.9,21.26,378,546,2007
ITALY,2613,164619,1.230961,35,95.52,1.425424,2.56,15.71,412,2856,2006
SWEDEN,29478,884340,0.963013,10,95.46,1.185337,2.39,14.15,81,2714,2022
SWITZERLAND,21884,1444344,0.956673,46,97.61,1.026364,2.24,21.9,272,947,2004
SPAIN,7030,899840,1.524915,43,99.82,1.012569,1.01,12.76,110,2015,2010
SWEDEN,17571,2213946,1.05053,30,98.01,0.966771,2.71,22.05,311,1252,2003
ITALY,25650,3283200,1.587288,21,98.55,1.158409,2.99,24.7,68,346,2004
SWITZERLAND,20595,947370,1.349489,3,97.58,1.475483,2.73,11.19,142,326,2024
AUSTRALIA,15536,435008,1.455251,6,98.48,1.15148,1.68,22.32,373,2604,2022
BRAZIL,11464,1089080,1.068166,26,96.2,0.990355,0.72,20.79,172,1815,2025
CHINA,11285,677100,1.391737,18,98.67,1.420918,2.05,15.29,334,2767,2017
INDIA,18558,2097054,1.583284,35,95.15,1.491436,0.77,14.72,257,255,2007
BRAZIL,26146,3738878,1.593394,23,95.38,1.172304,2.67,13.23,152,632,2024
JAPAN,6870,522120,1.043157,46,98.72,1.622886,1.08,22.11,261,944,2014
INDIA,24258,3250572,1.525756,27,97.75,0.988792,1.62,16.91,109,600,2008
CHINA,9531,514674,1.130209,14,97.35,0.9144,1.55,10.41,111,1850,2020
SWITZERLAND,21641,2207382,1.578221,3,98.69,1.543925,0.55,24.44,72,2910,2012
SPAIN,14447,1993686,1.226141,19,99.28,0.990064,2.26,18.11,433,2612,2010
SWITZERLAND,17169,480732,0.809923,25,99.04,0.959393,1.07,20.95,50,1831,2013
GERMANY,8759,236493,1.501809,46,96.67,1.691223,2.07,17.97,71,2579,2022
AUSTRALIA,10385,321935,1.266245,46,99.19,1.317157,0.66,22.47,460,2144,2018
ITALY,7868,684516,1.494841,34,99.31,1.357418,1.79,16.46,341,2585,2008
BRAZIL,12351,815166,0.910019,19,99.37,1.254704,2.02,19.47,285,604,2012
SWITZERLAND,20624,1526176,1.209891,28,96.15,1.5294,2.93,13.94,481,1285,2005
GERMANY,19278,2390472,1.205013,23,96.99,1.613184,0.51,10.6,271,829,2025
USA,4878,697554,1.175713,29,97.32,1.398016,1.67,16.71,349,1947,2014
UNITED KINGDOM,6308,428944,0.806131,8,95.18,0.986421,1.35,22.04,442,803,2023
ITALY,13105,1638125,1.034791,41,96.95,0.969674,2.04,11.71,316,282,2004
USA,3612,209496,1.194837,11,95.22,1.260478,2.82,12.48,177,118,2019
UNITED KINGDOM,12095,1100645,1.526089,45,97.98,1.147498,2.56,24.33,259,619,2019
GERMANY,16012,1761320,0.801683,30,96.26,0.94762,2.01,20.3,459,1447,2007
NETHERLANDS,17873,2609458,1.330132,37,95.59,1.235158,2.38,11.07,387,2802,2025
SWITZERLAND,14876,312396,1.334858,41,98.17,1.610431,2.0,17.53,60,2860,2014
JAPAN,8044,466552,1.498959,20,98.13,1.492785,1.82,22.44,359,2443,2018
CHINA,23285,2328500,1.355906,12,96.45,1.2888,1.94,10.66,222,673,2007
SPAIN,12836,1874056,1.074534,23,99.0,0.953908,1.47,22.78,429,2758,2018
UNITED KINGDOM,4000,552000,1.234027,38,98.87,1.257136,2.5,22.34,165,2994,2021
GERMANY,22044,1807608,0.879099,11,97.85,1.196938,2.0,20.58,426,2043,2011
AUSTRALIA,13466,713698,0.933488,37,98.16,0.935823,2.4,24.2,284,1013,2005
SWEDEN,2511,364095,1.276791,49,98.32,1.384623,1.41,13.27,213,932,2015
USA,17938,2367816,0.912442,5,96.12,1.681962,1.83,12.04,163,1278,2022
SPAIN,8097,1020222,1.110389,42,96.94,1.150565,0.87,17.32,435,2632,2012
AUSTRALIA,2669,384336,1.096318,37,97.32,1.255302,2.99,18.18,294,176,2008
FRANCE,21038,3050510,1.111586,45,99.76,1.518831,2.95,17.17,406,2821,2016
CHINA,9056,950880,0.997526,23,97.16,1.141867,1.15,12.92,350,482,2004
SPAIN,26632,1677816,1.464551,4,96.7,1.364374,0.85,16.66,120,2286,2014
NETHERLANDS,13783,496188,1.387662,18,98.05,1.355502,2.05,13.02,350,2667,2005
SWITZERLAND,1807,43368,1.180437,36,99.44,1.005898,1.98,18.99,319,1808,2011
FRANCE,4130,99120,1.435369,20,97.29,0.927569,2.92,24.24,163,2767,2006
SWITZERLAND,6367,452057,1.490838,36,96.4,1.062578,2.4,15.8,212,803,2021
ITALY,3308,334108,1.154765,47,98.75,1.358823,2.89,13.01,338,1963,2010
USA,16999,1699900,1.312159,33,99.38,0.949966,2.71,16.72,22,1042,2013
GERMANY,24545,1227250,1.387224,32,99.55,0.92444,2.68,17.91,329,225,2015
CHINA,776,41904,0.968564,30,95.04,1.698257,2.19,22.43,336,641,2019
CHINA,11386,979196,1.390296,25,98.1,0.955224,0.51,24.06,197,300,2020
UNITED KINGDOM,11890,237800,1.476737,2,95.51,1.21928,2.31,14.21,269,513,2010
UNITED KINGDOM,2514,304194,1.04491,8,95.54,1.546588,2.87,11.08,70,2230,2006
USA,5742,694782,1.039653,40,95.55,1.57366,1.11,17.17,331,549,2023
SOUTH KOREA,18381,588192,1.333484,31,96.14,1.124804,2.51,23.94,391,1690,2009
UNITED KINGDOM,26126,3579262,1.057197,39,96.11,1.412381,2.95,19.05,62,1404,2025
AUSTRALIA,15561,778050,1.510927,23,99.25,1.263157,2.55,18.32,157,259,2024
ENGLAND,12645,417285,1.170538,46,99.03,1.543167,1.88,17.8,214,1594,2008
BRAZIL,23803,737893,1.197356,14,99.32,1.559022,2.3,14.07,58,1564,2012
AUSTRALIA,21970,2460640,0.837482,32,97.91,1.616581,1.96,17.0,399,2472,2020
ENGLAND,15775,2208500,0.866172,28,95.5,1.188187,1.18,22.64,437,1575,2003
JAPAN,16709,1169630,1.147054,49,96.85,1.649057,2.19,11.74,480,2365,2003
GERMANY,2448,193392,1.30617,10,95.68,1.103385,2.69,12.74,33,622,2018
NETHERLANDS,22788,1002672,1.038442,21,97.33,1.407472,3.0,11.57,313,2687,2021
ITALY,26099,1565940,1.180774,48,96.02,1.194966,1.42,10.79,498,1136,2011
ITALY,2757,328083,1.480278,16,96.82,1.595811,2.33,19.72,109,2768,2019
SWITZERLAND,10570,285390,1.321312,18,98.61,1.679673,0.63,20.23,319,1561,2009
SWITZERLAND,22068,2626092,0.868273,43,96.8,0.946474,0.78,17.74,53,2200,2008
SWITZERLAND,12349,802685,0.993511,38,96.65,0.915462,0.81,16.2,418,486,2020
AUSTRALIA,2658,321618,1.22475,24,98.55,1.602118,0.6,15.96,330,218,2007
AUSTRALIA,20111,703885,1.418337,40,95.64,1.585704,1.94,11.15,184,2892,2005
SPAIN,26773,1392196,1.391221,7,96.71,1.197391,0.5,14.5,493,1072,2008
GERMANY,20602,2678260,1.340464,32,99.4,1.526559,2.45,16.87,223,1182,2007
BRAZIL,25719,3163437,0.852556,41,99.59,1.382633,1.68,10.9,437,1341,2012
SOUTH KOREA,9207,1003563,1.592167,5,97.6,1.420766,2.11,18.42,287,332,2009
GERMANY,10244,799032,1.380502,7,95.69,1.397931,2.45,18.67,276,560,2018
INDIA,20648,2539704,1.525137,31,98.3,1.107924,1.36,23.76,225,1823,2007
UNITED KINGDOM,10284,678744,0.848503,46,95.3,1.017842,0.52,19.46,468,2395,2014
AUSTRALIA,22569,767346,1.083414,21,99.72,1.396727,2.82,21.41,87,2861,2009
USA,11041,242902,0.9326,29,97.36,1.61814,2.19,12.05,340,2480,2012
CANADA,14885,446550,1.113487,44,99.71,1.057541,2.88,24.92,329,2593,2016
NETHERLANDS,24044,2284180,1.007633,25,99.5,1.040876,1.03,10.2,399,1383,2023
USA,1119,149946,1.385698,34,98.42,1.216165,2.88,24.51,17,2509,2024
SPAIN,8699,1000385,1.048,30,98.14,1.43328,0.91,18.48,351,2240,2016
SWITZERLAND,8777,552951,0.809682,10,98.84,1.201588,1.88,22.07,478,1851,2017
SWITZERLAND,19101,2349423,1.478434,8,98.96,1.103057,1.11,16.04,373,1776,2020
SPAIN,1696,49184,1.521106,27,99.68,1.29574,1.78,17.22,332,1079,2003
SWITZERLAND,2951,401336,0.826094,35,99.66,1.361698,1.39,21.81,125,960,2011
ITALY,10695,1176450,1.132483,1,96.18,1.053274,2.8,11.53,275,414,2003
SWEDEN,20670,1240200,0.831144,1,95.86,1.593416,1.21,24.26,206,750,2024
SWITZERLAND,3371,397778,1.061071,19,95.7,1.244082,2.76,22.69,142,504,2015
ENGLAND,5057,212394,1.181069,15,97.67,1.063569,1.14,14.44,121,714,2006
UNITED KINGDOM,14369,1250103,1.036193,35,97.48,1.22753,2.53,22.54,198,1093,2016
CHINA,14800,636400,1.082082,4,95.74,1.600706,1.85,14.24,288,680,2009
SWEDEN,5458,442098,1.225617,6,95.27,1.678463,1.07,14.56,326,311,2021
SWEDEN,6134,901698,0.801179,47,95.94,1.148068,2.33,19.61,178,2088,2023
BRAZIL,22912,2428672,1.287705,30,96.59,1.470097,2.54,12.72,391,595,2010
SOUTH KOREA,3950,260700,1.445355,39,96.08,1.509986,1.86,12.24,281,1922,2011
CHINA,3773,192423,0.933857,9,96.32,1.402747,1.7,15.43,57,2583,2007
JAPAN,13922,1976924,1.407204,38,98.83,1.466792,0.93,24.59,392,1211,2005
GERMANY,24245,2982135,0.944157,39,97.26,1.636796,2.24,20.93,135,2460,2003
ENGLAND,4164,383088,1.076274,6,98.26,1.025861,0.8,21.47,377,274,2015
JAPAN,27232,2287488,1.049587,26,95.8,1.528965,2.34,15.77,348,142,2011
GERMANY,2407,233479,1.36296,14,99.13,0.978011,1.9,17.52,399,1092,2007
INDIA,8612,878424,1.143677,5,98.52,1.590112,0.95,22.0,492,758,2012
JAPAN,3263,323037,0.905372,10,98.96,1.441722,2.06,14.75,31,982,2022
SOUTH KOREA,21292,1937572,1.000374,3,99.17,1.685525,2.07,13.71,337,212,2010
SOUTH KOREA,22015,3192175,1.112546,5,96.73,1.397034,1.34,20.99,343,2265,2008
JAPAN,1387,108186,1.084684,48,96.63,1.442033,0.68,13.08,176,551,2024
SWEDEN,6932,713996,1.337183,15,95.57,1.524797,2.46,19.02,413,1915,2009
ENGLAND,23365,1915930,1.145615,8,95.33,1.314961,0.95,24.56,334,1535,2022
SOUTH KOREA,26417,2668117,1.363644,41,96.0,1.315763,0.69,19.08,107,1926,2012
JAPAN,8899,186879,1.029969,10,98.38,1.015154,1.99,12.58,239,2167,2003
CHINA,16846,1010760,0.873654,44,97.24,0.973676,1.88,19.62,415,1257,2006
CANADA,2242,103132,1.340821,33,98.29,1.366846,1.81,13.74,267,512,2006
INDIA,8119,681996,0.893653,25,95.76,1.655789,2.34,23.24,388,1371,2006
SPAIN,2313,275247,1.360912,25,95.25,1.401989,1.46,24.04,146,182,2013
CANADA,2420,222640,1.471841,42,98.62,1.071734,2.16,17.47,292,2201,2019
SPAIN,13477,1401608,1.531639,28,99.22,1.553802,1.78,16.58,412,1371,2004
JAPAN,1359,48924,1.237501,41,96.19,1.471242,0.73,12.99,160,1234,2024
FRANCE,22050,1808100,1.084777,46,96.33,1.098048,0.66,16.88,460,1437,2007
CANADA,18068,1698392,1.275843,30,99.66,1.570793,2.51,22.34,452,2466,2011
SWITZERLAND,15424,1866304,1.394305,27,97.56,0.954767,1.43,23.81,399,394,2003
USA,5988,281436,1.532206,37,98.27,1.52991,1.64,19.45,372,2270,2006
CANADA,5807,772331,1.319458,37,98.84,1.235512,1.75,21.78,195,1328,2005
AUSTRALIA,23799,1903920,1.17562,24,99.54,0.984315,2.41,16.15,251,220,2016
AUSTRALIA,24436,2956756,0.927594,48,97.53,1.529218,2.86,21.2,460,2768,2021
BRAZIL,15138,1559214,1.156961,4,96.42,1.147846,1.12,17.73,32,1788,2017
CHINA,25352,2028160,1.083031,24,98.87,1.146237,2.78,24.29,45,721,2018
NETHERLANDS,6621,827625,1.017199,16,99.29,0.982054,1.48,18.3,44,761,2013
JAPAN,2972,407164,1.435589,23,99.11,1.587011,2.37,16.59,223,2604,2021
ENGLAND,14096,1494176,0.943403,46,96.89,1.291501,1.57,21.11,94,549,2020
ITALY,25560,3246120,1.211947,22,97.65,1.176184,1.54,20.99,471,733,2011
USA,2173,291182,0.977889,9,96.04,1.148802,0.92,13.66,136,246,2024
FRANCE,14953,2168185,1.56789,8,99.83,1.231789,2.38,23.07,204,2477,2008
ITALY,23202,2714634,1.129566,1,98.09,1.326003,0.79,19.08,329,394,2007
NETHERLANDS,19571,2094097,1.353659,7,95.56,1.511841,2.2,21.59,112,920,2021
JAPAN,692,56052,1.434206,25,98.3,1.226495,2.71,13.33,291,1503,2025
BRAZIL,9859,433796,1.385053,9,97.62,1.568894,2.55,22.65,373,2777,2008
ENGLAND,4316,440232,1.456479,41,99.32,1.273048,0.69,15.82,241,2805,2005
ITALY,11174,1642578,0.962778,32,95.21,1.283408,0.95,21.15,344,831,2014
ITALY,11564,786352,0.859284,2,97.52,1.691374,1.08,24.14,243,2470,2025
SPAIN,14662,322564,1.080416,40,95.34,1.195659,1.66,20.84,131,2766,2005
ENGLAND,23123,2543530,1.103381,2,98.24,1.287191,0.51,22.07,326,818,2018
SPAIN,22051,1697927,1.425568,45,96.72,1.441979,2.4,10.22,220,143,2019
SOUTH KOREA,20496,1598688,0.935905,9,96.7,1.212604,0.9,13.87,488,1912,2023
USA,16435,1791415,1.511302,37,97.65,1.506614,1.27,16.22,276,153,2020
CHINA,19459,525393,1.270804,40,97.94,1.589211,2.67,20.87,404,1459,2004
SPAIN,27716,582036,0.90692,26,97.21,1.666798,1.58,18.24,248,294,2010
SWEDEN,19609,1568720,1.059609,45,99.05,1.270492,1.2,19.82,400,1709,2025
UNITED KINGDOM,19930,837060,1.586645,24,95.43,1.459159,1.42,16.49,266,2722,2012
NETHERLANDS,19465,1732385,1.132193,32,96.19,1.34587,0.6,20.0,399,1340,2013
SPAIN,2603,335787,1.510495,40,98.61,1.249136,2.17,11.41,273,2478,2025
SOUTH KOREA,18089,2604816,0.853805,48,99.05,1.622475,2.83,22.02,70,2605,2023
JAPAN,18358,2349824,1.172661,31,95.2,1.228953,0.83,10.34,196,598,2023
JAPAN,26025,1743675,1.049757,22,95.07,1.511483,2.06,21.43,425,2354,2011
FRANCE,4339,512002,1.550731,5,99.24,1.369549,1.95,24.86,392,118,2023
USA,11422,1062246,0.910748,25,96.12,1.377482,2.82,23.94,192,2687,2010
AUSTRALIA,24760,1931280,1.175428,21,99.81,1.419607,2.51,20.73,418,1137,2016
UNITED KINGDOM,14526,740826,1.163811,18,96.78,1.590913,0.78,23.88,437,1548,2024
SWEDEN,1070,115560,1.318911,10,97.72,1.498235,2.53,16.21,113,505,2025
FRANCE,10441,1169392,1.558996,20,98.36,0.919973,0.93,16.8,305,1241,2025
SWEDEN,5127,558843,1.12151,13,97.86,1.567034,2.11,11.18,84,2059,2014
JAPAN,20766,560682,0.853222,26,95.41,1.385478,2.7,23.24,327,1870,2019
FRANCE,19450,1244800,1.58095,48,96.84,1.540059,2.71,11.88,188,2359,2019
GERMANY,10520,1451760,1.295193,15,99.15,0.949915,1.34,11.01,128,1044,2020
FRANCE,20740,1721420,1.513514,29,95.42,1.208478,0.68,13.16,299,862,2003
SWEDEN,27399,1890531,1.01485,10,95.37,1.250765,1.82,24.78,305,683,2025
JAPAN,22299,1672425,0.924457,11,96.6,1.139507,1.08,11.95,48,736,2023
AUSTRALIA,17920,985600,0.968406,22,99.4,1.521443,0.69,24.8,385,2937,2015
SWEDEN,12405,620250,1.041936,28,98.02,1.024785,1.7,21.71,137,2385,2015
BRAZIL,27019,3188242,0.802513,23,95.4,1.267667,1.27,22.34,115,2328,2021
USA,23211,649908,0.952581,25,97.81,1.43377,2.44,22.93,280,2098,2015
GERMANY,23858,763456,1.591561,9,99.61,0.912659,1.81,17.06,210,546,2007
CANADA,4415,251655,1.470584,7,95.57,1.539774,0.81,20.48,196,2492,2025
CANADA,15059,1219779,1.522638,45,99.66,1.040393,1.92,18.69,355,369,2004
GERMANY,2130,155490,0.983861,39,99.57,1.493282,1.2,11.97,129,319,2025
ENGLAND,16936,1947640,1.541699,8,97.74,1.196936,2.46,13.79,403,486,2004
GERMANY,14579,1385005,1.245428,31,97.81,1.170119,2.97,10.38,296,865,2021
SOUTH KOREA,5320,547960,0.999735,22,98.68,1.398782,2.0,10.8,214,436,2012
SWEDEN,10665,1578420,1.080976,17,96.44,1.089668,2.87,24.17,337,1899,2014
BRAZIL,814,105820,1.526748,39,95.03,1.518013,2.26,19.23,255,821,2009
UNITED KINGDOM,24562,1203538,1.599646,32,96.84,1.466497,1.69,20.12,103,2808,2015
BRAZIL,18531,1371294,1.31728,19,98.01,1.628485,1.77,17.52,480,2531,2007
CANADA,23953,1820428,1.150543,47,95.79,0.919977,1.62,13.56,280,2287,2005
BRAZIL,18388,1673308,1.537894,12,96.86,1.541157,1.48,21.26,180,2420,2020
CHINA,18388,1912352,1.468053,6,96.79,1.15444,2.37,16.47,209,1356,2022
BRAZIL,10660,1428440,1.076067,49,96.63,1.135021,0.6,19.56,282,1129,2011
BRAZIL,11910,559770,1.478487,37,99.34,1.491254,1.19,14.22,67,1392,2018
USA,807,62139,1.37284,41,96.7,1.248516,2.49,14.17,247,1819,2011
GERMANY,14830,697010,1.008839,18,99.86,1.332802,2.96,24.08,379,1022,2005
NETHERLANDS,29308,3810040,0.930233,12,96.34,1.17314,1.62,23.7,76,1373,2019
SWITZERLAND,28043,3841891,1.329531,26,98.17,1.118432,0.94,14.41,204,2077,2014
FRANCE,20238,2671416,0.805502,12,99.24,1.099567,2.29,22.84,443,2999,2006
JAPAN,12927,1370262,1.039086,48,96.33,1.052488,0.96,15.13,482,951,2015
SPAIN,6052,817020,0.895913,33,95.57,1.445723,2.87,12.06,472,1425,2012
FRANCE,24076,963040,1.266884,5,96.74,0.936199,1.04,10.23,100,629,2008
SWEDEN,13448,1654104,1.325624,3,97.01,1.348464,2.86,11.24,212,672,2025
JAPAN,21171,508104,0.87899,37,95.58,1.684455,1.04,11.01,249,1637,2018
JAPAN,24500,3013500,0.825955,30,99.23,1.07845,2.68,21.84,465,2082,2019
GERMANY,23920,3372720,1.434857,39,99.75,1.244987,1.37,10.76,61,1711,2013
USA,17780,728980,0.981217,47,97.81,1.010308,2.22,23.47,344,1332,2012
SPAIN,4617,544806,1.080655,8,95.78,0.941429,1.89,12.34,175,948,2010
CHINA,21475,2083075,1.530314,35,96.08,1.204793,2.52,22.35,292,368,2009
CHINA,10468,826972,0.894915,22,95.38,1.236609,2.0,24.06,483,489,2003
INDIA,9401,733278,1.325128,18,96.63,1.642481,2.61,13.36,53,118,2015
GERMANY,21554,2155400,1.318589,20,97.7,1.222566,2.58,22.22,326,2528,2014
ENGLAND,29316,2638440,1.004269,1,97.18,1.500023,1.83,18.07,430,562,2018
ENGLAND,14562,1266894,1.245062,16,99.05,0.933532,1.55,12.52,246,1317,2017
FRANCE,14098,310156,0.985105,24,99.75,1.109874,1.28,22.55,80,975,2018
INDIA,2918,355996,1.308331,16,96.98,1.501918,1.83,20.16,230,522,2013
AUSTRALIA,23599,2761083,1.459577,45,98.22,0.906447,2.86,13.56,117,2153,2015
AUSTRALIA,8979,1122375,1.47537,40,97.68,1.119508,2.75,13.23,385,546,2007
SPAIN,13622,1702750,0.805103,17,98.41,1.159477,1.08,13.16,425,825,2010
CHINA,11193,604422,1.557405,20,96.87,1.395475,1.64,21.7,402,2223,2020
SOUTH KOREA,25674,847242,1.350436,49,96.49,1.058476,0.66,23.31,78,1379,2023
ITALY,14538,712362,1.421032,34,95.84,1.234516,2.39,23.47,323,705,2007
NETHERLANDS,13162,1921652,0.813274,14,95.78,1.168499,0.69,13.52,94,2552,2014
UNITED KINGDOM,7881,1142745,1.494728,12,95.18,1.641533,1.03,16.3,252,1653,2010
ENGLAND,29654,3232286,1.557405,44,96.54,1.098299,2.24,15.46,397,1881,2017
FRANCE,7285,568230,1.228294,15,96.33,1.623395,1.44,18.25,497,991,2011
JAPAN,18943,1174466,1.444519,17,96.11,1.553844,2.83,11.43,293,729,2015
ITALY,26960,2561200,1.029861,23,96.03,1.501975,0.63,17.39,302,2944,2011
ITALY,21174,804612,0.973,21,98.95,1.508129,0.88,12.24,335,930,2021
SOUTH KOREA,26263,3913187,1.126764,16,95.84,1.561885,1.96,15.06,43,2800,2017
SPAIN,28574,2314494,1.580826,36,99.34,1.616552,1.24,13.45,412,1673,2019
JAPAN,15975,1565550,1.460852,9,97.67,0.984473,0.61,19.85,84,377,2016
SPAIN,27053,2353611,1.016515,34,95.15,1.255623,1.76,11.76,499,2625,2017
BRAZIL,26258,3859926,1.409341,21,99.24,1.131552,1.67,19.29,381,1261,2023
ENGLAND,17013,1344027,1.332292,32,99.17,1.061223,2.84,20.34,138,1006,2017
NETHERLANDS,1386,144144,1.423613,26,97.57,1.102867,1.68,17.38,489,420,2020
SOUTH KOREA,5154,644250,1.433171,42,99.24,0.982274,0.81,24.69,180,2640,2014
UNITED KINGDOM,7862,243722,0.92142,27,97.91,1.38252,2.21,18.63,39,1719,2007
INDIA,24729,1162263,1.414865,10,98.39,1.086666,2.06,21.21,51,2450,2003
FRANCE,29592,1213272,0.897606,43,95.56,1.697527,0.96,18.91,21,1547,2016
FRANCE,24124,2291780,0.822275,10,95.4,1.106873,0.57,19.47,330,1558,2022
CHINA,16495,2457755,1.33106,14,96.95,1.544783,1.98,12.49,368,379,2011
SWEDEN,28040,3617160,0.871901,18,95.62,1.540165,2.66,12.26,463,135,2016
CANADA,26784,1098144,1.220376,16,99.87,1.384385,1.27,22.56,157,2441,2006
BRAZIL,8886,1137408,1.017564,5,98.24,1.406969,1.98,10.24,207,2543,2012
UNITED KINGDOM,25987,2598700,1.332045,14,95.62,1.001017,2.53,23.86,319,2642,2023
SPAIN,5151,602667,1.05461,27,96.97,1.483151,2.45,11.77,362,1368,2024
USA,7954,938572,1.085277,19,95.73,0.973679,2.54,23.42,221,2438,2009
GERMANY,16060,770880,0.868045,25,96.88,1.433014,2.97,13.39,81,1370,2015
SPAIN,25716,2725896,0.864831,39,99.84,1.255283,1.83,23.1,108,1681,2014
ITALY,2486,362956,1.061553,47,96.56,1.291229,2.65,18.88,121,2278,2022
CANADA,15023,1907921,1.354738,45,96.26,1.543277,1.56,24.92,484,2832,2006
FRANCE,25246,2650830,1.046024,47,98.02,1.579967,0.99,11.88,307,957,2005
SPAIN,20707,2774738,1.182793,43,96.36,1.51721,2.13,22.49,444,879,2011
BRAZIL,22210,666300,1.310219,27,99.57,1.31857,1.18,15.99,381,841,2011
SOUTH KOREA,14180,1191120,1.581625,8,97.86,1.484177,1.41,19.61,326,2044,2022
NETHERLANDS,8333,1008293,1.245172,43,99.61,1.323771,2.33,23.86,278,700,2017
NETHERLANDS,25456,3487472,1.042414,4,96.94,1.505003,1.64,16.18,447,2124,2017
CANADA,7882,331044,1.054386,43,99.75,1.202271,0.66,15.09,173,2929,2022
AUSTRALIA,19265,1040310,1.326482,17,95.52,0.991312,2.85,23.09,119,2139,2006
CANADA,16076,1945196,1.10982,47,98.02,1.265954,1.49,16.83,226,1972,2020
CANADA,28869,2684817,1.181933,7,97.57,0.988967,2.67,14.46,245,1311,2004
AUSTRALIA,9621,221283,1.387493,43,98.42,1.071933,0.6,15.45,198,390,2021
JAPAN,28912,1590160,1.232223,43,97.77,1.626415,1.49,14.44,25,658,2025
SOUTH KOREA,16622,831100,1.276544,17,97.57,1.155299,1.67,17.54,39,1401,2023
FRANCE,7870,668950,1.304075,30,96.76,1.145578,0.99,20.18,392,541,2010
GERMANY,10573,1120738,1.060548,6,98.54,0.932228,1.51,17.74,104,1480,2017
INDIA,14353,746356,0.919313,12,99.66,0.917653,2.96,11.29,256,1664,2024
SPAIN,1684,229024,1.151885,39,96.87,0.943652,2.0,23.54,245,521,2025
CANADA,6040,767080,0.83869,11,99.05,1.3704,1.38,22.0,31,1573,2021
UNITED KINGDOM,20127,2938542,1.305167,25,97.18,0.911654,1.12,22.99,176,1535,2012
SOUTH KOREA,8915,1230270,1.182668,45,99.02,1.559883,2.47,14.25,452,1453,2003
CHINA,28398,1647084,1.099046,7,97.16,1.030693,0.96,13.03,472,134,2020
CHINA,12281,1596530,1.483845,29,97.37,1.206227,2.6,12.18,397,1814,2019
SWEDEN,29768,1905152,1.242633,16,97.77,1.602427,1.89,24.4,336,2162,2015
USA,9530,1153130,1.457871,22,97.65,1.416458,0.61,24.19,119,1835,2015
ITALY,19883,2624556,0.86175,12,99.82,1.537188,2.39,20.21,429,2318,2012
CANADA,29305,1289420,0.914045,13,95.45,1.12872,2.18,12.55,101,2326,2015
AUSTRALIA,1579,205270,1.130943,32,95.12,1.168297,0.94,11.48,332,1003,2006
SPAIN,26617,1144531,1.052291,30,97.4,1.035603,0.63,19.26,347,1189,2003
AUSTRALIA,20925,1339200,1.180072,12,95.36,1.124481,1.37,21.74,44,1098,2006
ENGLAND,5928,266760,1.499446,45,96.1,1.219466,1.52,24.67,160,1973,2019
SPAIN,23103,2564433,1.38525,33,99.08,1.543332,2.67,10.89,419,1734,2003
SPAIN,14421,2105466,1.132655,16,98.31,1.394888,1.92,10.89,37,518,2013
JAPAN,21423,1392495,0.808863,22,99.31,1.625634,2.98,13.12,160,726,2015
CHINA,29235,3098910,1.187042,23,97.89,1.650932,1.37,13.66,414,412,2005
ENGLAND,21898,2408780,1.25623,18,95.34,1.561999,1.14,17.1,441,2487,2014
JAPAN,27470,3021700,1.355962,45,97.02,1.056604,1.78,11.96,186,2490,2016
INDIA,28807,3456840,1.529568,28,97.94,1.310966,1.22,10.1,143,2396,2010
FRANCE,7664,436848,0.873047,11,97.87,1.653179,0.94,17.07,161,1654,2021
UNITED KINGDOM,12933,1745955,1.125892,45,96.24,1.413669,1.19,17.42,135,590,2005
INDIA,20437,2207196,1.052862,29,98.97,1.243739,2.37,23.7,138,580,2003
UNITED KINGDOM,28053,2777247,0.958916,18,96.5,1.344107,1.97,16.4,361,2195,2024
FRANCE,18398,1067084,1.378457,10,97.54,1.071196,1.21,16.0,338,578,2004
JAPAN,1015,28420,1.047042,26,99.57,0.91611,0.88,23.29,256,887,2017
JAPAN,6722,873860,1.343253,13,95.09,1.488734,1.02,11.99,76,290,2006
USA,8033,224924,0.910104,11,96.08,1.0105,2.65,17.5,277,648,2010
FRANCE,24559,2259428,1.408004,2,98.33,1.645358,2.05,22.06,350,1274,2019
SWITZERLAND,28816,3112128,0.921509,20,96.93,1.004574,2.18,20.94,368,831,2010
USA,1629,224802,1.203565,35,97.09,1.416175,2.36,13.48,324,1590,2009
BRAZIL,1393,181090,1.537211,24,99.04,1.536046,1.31,21.48,279,1590,2020
SWITZERLAND,3417,406623,1.101341,19,98.86,1.622598,1.17,22.19,219,1855,2021
INDIA,16359,1668618,1.500391,45,99.21,1.585785,2.41,12.2,417,1013,2009
GERMANY,6858,329184,1.062528,17,98.28,1.085024,1.11,14.59,293,998,2016
BRAZIL,13886,1346942,1.156328,48,96.61,1.429851,2.38,22.18,285,1182,2019
FRANCE,15740,2014720,1.364033,8,98.32,1.101852,2.68,12.53,113,1642,2012
BRAZIL,19214,384280,1.180381,38,95.43,1.055628,2.55,20.15,426,789,2015
JAPAN,27698,4043908,1.18176,48,99.06,1.56365,2.27,11.58,125,546,2018
SWEDEN,1891,151280,1.090386,17,96.49,1.011397,2.03,14.59,344,1705,2016
FRANCE,15886,540124,1.489997,8,98.41,1.403703,2.66,11.98,497,451,2008
FRANCE,10416,1406160,1.235406,1,95.28,1.104511,1.82,12.57,91,2649,2017
AUSTRALIA,2490,141930,0.850504,27,96.22,0.958691,2.16,18.93,102,439,2010
JAPAN,19528,800648,0.95657,16,99.18,1.438837,0.84,14.15,139,696,2021
GERMANY,6554,740602,1.27684,39,99.14,1.107683,0.5,15.65,174,1611,2007
AUSTRALIA,26812,2279020,0.800182,36,97.51,1.125114,2.56,21.29,260,1732,2008
JAPAN,27450,4007700,1.144429,24,96.51,1.09374,0.68,21.16,170,2431,2017
UNITED KINGDOM,10845,1344780,1.399503,6,95.53,1.086109,2.38,14.12,122,2160,2020
CHINA,12203,451511,1.161762,49,97.18,1.440469,1.77,22.92,416,598,2007
FRANCE,3309,387153,1.168587,3,98.96,1.15658,1.91,14.19,202,1191,2024
AUSTRALIA,7137,485316,1.486024,43,96.31,1.327729,2.65,14.89,307,2838,2012
SWITZERLAND,11961,1758267,1.523308,27,95.0,1.146255,1.1,13.5,440,182,2006
CANADA,5577,457314,0.84914,35,96.78,1.250918,2.94,22.12,434,2701,2017
AUSTRALIA,19541,977050,1.071458,18,96.46,1.138453,1.3,12.46,119,1401,2008
NETHERLANDS,29110,2183250,1.026886,44,95.1,1.508709,0.61,22.97,207,2056,2012
JAPAN,6964,1030672,0.997569,16,95.83,1.583154,0.53,17.68,74,685,2006
INDIA,6323,227628,1.4557,23,99.81,1.384741,1.76,23.18,461,1329,2019
BRAZIL,13827,1244430,1.273777,2,95.82,1.148247,1.76,21.95,297,228,2020
BRAZIL,17321,1333717,0.869957,18,96.08,1.048769,2.88,13.15,344,1167,2017
AUSTRALIA,16910,760950,1.387767,36,95.88,1.213774,2.87,12.12,64,2013,2010
AUSTRALIA,8276,819324,1.585006,16,98.8,1.174073,2.07,12.88,43,1732,2005
SPAIN,19612,1765080,1.509975,32,98.41,1.639258,2.55,18.43,189,1859,2005
CANADA,3065,373930,1.295334,26,97.92,1.551507,1.46,11.98,83,1314,2003
GERMANY,20962,1467340,1.314236,16,98.41,1.190002,2.56,13.06,196,597,2019
CHINA,18349,2734001,1.10258,7,97.02,1.059476,1.53,11.08,483,1092,2007
AUSTRALIA,7358,684294,1.38023,48,96.18,1.209446,0.7,12.21,129,708,2003
NETHERLANDS,5323,404548,0.804838,24,96.51,1.640848,0.9,24.49,177,1838,2005
BRAZIL,1864,173352,1.227647,18,98.57,1.14117,2.0,13.02,23,256,2008
SOUTH KOREA,9426,952026,1.201607,47,99.32,0.939685,1.14,16.98,494,2394,2023
USA,5126,558734,1.535366,25,98.39,1.109401,2.06,22.44,140,2597,2010
BRAZIL,11549,438862,1.255164,33,97.11,1.149754,2.31,21.94,163,1431,2014
UNITED KINGDOM,7511,1021496,1.281107,46,98.63,1.544078,2.61,15.93,58,1241,2019
SPAIN,19395,2152845,1.295363,20,95.91,1.499496,1.86,13.06,208,637,2024
ITALY,20076,1284864,1.104386,3,99.74,1.4721,2.89,16.41,295,1684,2005
AUSTRALIA,26239,1653057,1.228508,14,96.24,1.257381,0.81,13.09,493,2059,2021
SWITZERLAND,18485,1959410,0.993883,23,96.9,1.010695,2.35,22.85,55,998,2021
GERMANY,16127,951493,1.415797,36,97.05,1.14753,2.84,17.74,470,1315,2013
ENGLAND,12119,496879,0.886524,30,96.6,1.053389,1.89,18.76,93,2712,2015
AUSTRALIA,23384,1566728,1.084874,5,95.89,1.244277,0.91,20.6,302,1132,2022
CANADA,3842,430304,1.029179,26,95.2,1.157654,1.9,22.87,481,646,2019
JAPAN,5226,172458,1.012065,10,99.56,1.32207,1.15,10.79,131,2036,2004
ITALY,14468,1938712,1.185819,39,97.94,1.033004,1.45,19.26,141,2997,2015
SPAIN,2744,104272,1.538083,17,98.53,1.047028,1.32,17.31,450,2799,2022
SOUTH KOREA,7484,157164,1.222925,11,95.67,1.48241,2.53,13.86,301,2624,2025
NETHERLANDS,9565,315645,1.484801,21,98.95,1.009476,0.67,23.4,352,234,2010
NETHERLANDS,13940,794580,0.82937,44,96.55,1.58177,0.6,10.74,60,341,2012
ENGLAND,16153,1130710,0.868322,8,96.65,1.04368,1.2,16.86,298,1141,2014
ITALY,25003,1900228,1.165454,12,96.18,1.055967,1.76,21.53,41,1869,2010
AUSTRALIA,12557,552508,0.895368,34,96.97,1.239963,1.46,20.79,464,1355,2006
BRAZIL,29460,618660,1.009927,33,96.93,1.39337,2.65,15.19,411,2769,2019
SWEDEN,8433,902331,1.293776,30,96.8,0.979596,2.42,24.49,195,1284,2013
SWEDEN,1442,46144,1.360693,4,99.16,1.44814,1.23,13.02,260,1843,2010
SOUTH KOREA,3380,145340,1.135309,8,95.84,1.33786,0.91,10.96,348,1920,2007
SPAIN,22262,2426558,1.212244,12,99.44,1.494748,1.83,22.91,469,1381,2003
NETHERLANDS,5592,251640,1.480762,12,95.62,1.365377,2.42,16.1,494,1520,2024
CHINA,6136,570648,1.375388,41,95.64,1.147753,1.0,23.63,49,515,2011
SPAIN,12118,1260272,1.0984,4,96.11,1.393298,0.6,14.89,246,2384,2024
NETHERLANDS,17892,2540664,0.962828,4,99.11,1.546856,1.29,10.13,99,456,2007
SOUTH KOREA,25331,2938396,0.869365,12,96.97,1.407645,2.05,11.81,491,977,2006
SPAIN,16085,1544160,1.156219,45,98.32,1.190723,2.85,14.13,42,170,2011
ENGLAND,12331,1529044,1.412253,10,95.16,1.088471,1.28,15.99,191,406,2015
USA,19453,447419,1.534817,16,98.52,1.681294,1.44,22.03,460,672,2025
USA,10024,821968,1.322869,34,98.71,1.215004,2.02,16.67,216,2829,2007
SWITZERLAND,3907,371165,0.984309,34,97.32,1.034416,1.39,16.0,356,955,2010
UNITED KINGDOM,8598,937182,1.278246,38,98.9,0.961986,1.21,18.78,224,997,2003
CANADA,12324,1786980,0.830721,31,98.68,1.148572,1.79,22.85,186,2527,2022
INDIA,7117,704583,1.228924,13,99.24,1.26551,1.69,15.79,429,806,2010
INDIA,16228,1703940,1.490913,49,95.54,0.924333,2.32,23.11,195,306,2014
CHINA,10890,381150,1.210092,15,97.46,1.571563,2.13,19.23,215,161,2018
USA,27543,3277617,1.372305,19,97.31,1.081985,0.92,14.99,43,1829,2005
NETHERLANDS,6968,515632,1.590499,42,96.61,0.941985,1.63,13.82,484,1567,2016
SWITZERLAND,13939,1547229,1.569132,14,95.9,0.93149,0.55,21.62,194,2626,2013
CHINA,11559,681981,1.142681,19,98.84,0.908411,2.4,23.4,230,1501,2008
NETHERLANDS,16479,477891,1.207725,1,98.85,1.289925,2.86,10.86,247,1082,2005
SPAIN,3943,173492,1.567097,21,97.84,1.12604,1.2,16.07,202,2384,2013
NETHERLANDS,18294,731760,1.113814,40,95.76,1.25165,1.78,13.88,445,2831,2015
ENGLAND,29013,3800703,1.555766,13,96.7,1.535346,2.06,24.06,400,802,2014
NETHERLANDS,20509,1251049,1.553897,9,95.07,1.106106,1.62,20.39,26,2984,2022
CHINA,29594,4024784,1.564675,7,97.61,1.224516,0.92,24.66,206,303,2007
CANADA,15031,721488,0.981809,24,98.41,1.312134,2.98,19.17,26,897,2004
UNITED KINGDOM,17227,2032786,0.810929,1,96.7,1.245446,2.45,17.26,428,1849,2024
AUSTRALIA,27918,3573504,1.447983,1,95.92,1.500479,1.09,12.15,105,1057,2004
AUSTRALIA,12890,1843270,1.21029,48,99.74,1.356959,2.66,12.09,486,1205,2021
INDIA,27551,2507141,1.266485,34,96.82,0.97396,1.64,15.92,210,2641,2016
FRANCE,7867,424818,1.240281,14,96.71,1.616445,2.92,16.65,213,2341,2005
JAPAN,6878,288876,0.895625,38,95.52,1.557402,0.85,21.21,360,2287,2013
SPAIN,15453,1962531,0.953806,38,98.74,1.311266,2.45,17.84,117,2269,2009
FRANCE,2564,230760,1.345026,31,99.16,1.204712,1.74,10.12,495,144,2011
AUSTRALIA,13101,1899645,1.116335,15,95.15,1.57505,1.65,13.26,223,173,2020
SPAIN,12326,1060036,0.855142,29,96.7,1.396188,1.86,11.88,240,2747,2025
INDIA,22532,1599772,0.970834,5,98.54,0.905914,1.77,12.09,495,251,2013
INDIA,1454,31988,1.155516,37,95.33,1.153523,1.17,17.59,305,2608,2020
SPAIN,3895,253175,1.475891,27,98.16,1.046292,1.08,19.53,267,279,2019
CHINA,8757,621747,0.94082,26,97.18,1.009642,2.66,22.24,405,827,2025
CHINA,14919,1820118,1.589895,41,95.51,1.355187,1.83,16.87,66,2187,2014
SOUTH KOREA,20841,2063259,1.255438,35,97.32,1.167021,1.95,23.34,193,2029,2015
CANADA,4445,600075,1.214998,8,95.13,1.259415,1.24,23.94,456,2563,2022
BRAZIL,11271,653718,1.542197,11,95.8,1.143299,2.05,14.53,223,1975,2019
USA,24652,2415896,1.315126,29,97.45,1.511821,1.16,22.1,142,2933,2009
NETHERLANDS,5785,792545,0.865158,30,97.45,1.13723,1.16,16.48,309,181,2023
AUSTRALIA,25162,880670,0.88345,35,97.39,1.319357,2.17,14.01,334,1215,2003
SOUTH KOREA,15016,961024,1.393839,27,96.55,1.397215,1.05,16.67,56,664,2003
CANADA,20142,1148094,1.109357,28,97.99,1.567979,2.28,11.69,402,448,2017
CANADA,29353,4226832,0.936481,39,99.89,1.110841,1.2,23.96,106,1993,2004
UNITED KINGDOM,14253,570120,1.126317,38,99.78,0.952221,2.55,19.69,202,546,2005
USA,3158,170532,1.32015,39,98.76,1.501436,1.97,13.19,395,309,2012
CHINA,29297,2578136,1.486664,34,97.3,1.642844,2.1,14.67,94,148,2021
UNITED KINGDOM,20450,1820050,1.531101,3,97.34,1.184227,2.21,19.93,239,2402,2011
USA,2783,125235,1.052535,15,98.21,0.931838,1.99,23.05,360,624,2025
SWEDEN,9579,708846,1.195183,2,98.29,1.557008,1.11,16.32,183,1340,2007
UNITED KINGDOM,5051,136377,1.156919,7,95.94,0.981503,2.78,22.31,457,347,2017
CHINA,29959,808893,1.474983,31,98.1,1.32164,1.96,20.26,403,1920,2019
CHINA,21481,2126619,1.495693,45,95.9,0.945602,1.97,22.61,345,713,2024
INDIA,5007,165231,1.598655,9,96.39,1.69582,2.92,16.61,314,2062,2010
JAPAN,24015,2185365,1.393347,5,99.38,1.451534,1.21,20.41,331,2684,2017
CHINA,14696,2175008,0.861929,42,95.9,0.98452,2.53,18.68,335,664,2003
UNITED KINGDOM,26677,2054129,1.362622,23,98.97,1.438265,1.74,24.25,221,2724,2015
CHINA,12724,1883152,0.82641,45,97.84,1.033203,2.28,12.64,479,1059,2021
AUSTRALIA,6111,391104,1.531868,1,95.07,1.636915,2.94,13.33,497,2163,2003
BRAZIL,20526,697884,1.346744,11,99.08,1.294725,2.78,23.92,406,2541,2009
ENGLAND,17982,2193804,1.52491,23,99.08,1.266244,1.15,23.18,170,1992,2011
FRANCE,17059,1671782,0.964497,7,96.09,1.336535,2.21,12.85,342,2203,2008
USA,1046,137026,1.454646,36,95.7,0.983728,1.56,21.93,137,406,2006
ITALY,12297,1549422,1.386914,37,95.48,1.033479,2.81,22.32,443,1587,2019
JAPAN,24732,1014012,0.983515,36,98.35,1.402987,1.17,10.59,94,884,2013
SOUTH KOREA,24387,2243604,1.139827,49,95.8,1.453422,2.19,24.7,108,2077,2010
FRANCE,3042,63882,0.885623,19,99.2,1.553686,1.62,17.34,279,1135,2005
FRANCE,28536,2853600,0.878676,32,99.61,1.039825,2.69,21.06,426,199,2003
JAPAN,26757,749196,1.017145,29,98.1,1.476844,1.14,20.79,166,2482,2003
JAPAN,4432,101936,1.301403,49,99.03,1.088025,2.13,16.08,71,973,2014
GERMANY,25395,3072795,0.81353,18,99.47,1.041881,0.52,22.08,470,2855,2012
JAPAN,9578,1111048,1.572359,37,95.41,1.516017,2.08,24.83,54,2796,2009
ITALY,10973,559623,1.38748,3,95.49,1.117374,2.54,15.67,295,1004,2017
SWITZERLAND,6541,974609,1.585107,46,97.52,1.467171,2.77,12.07,480,1516,2023
GERMANY,1968,118080,1.32636,31,97.85,1.643011,1.74,22.64,67,1229,2011
SPAIN,15647,1455171,1.385498,43,96.77,1.502278,1.75,11.92,383,496,2022
FRANCE,10230,460350,1.307944,24,97.12,1.537113,1.99,23.3,493,549,2007
USA,11262,1373964,1.528173,18,95.71,0.974848,0.54,23.1,196,2113,2014
SPAIN,20581,2963664,1.056013,8,99.32,1.667267,0.98,20.76,284,872,2015
SWEDEN,7486,1100442,0.915101,23,99.63,1.405696,1.59,17.88,443,2829,2014
CANADA,11152,579904,1.154155,19,96.32,1.685805,1.46,12.67,81,1768,2003
AUSTRALIA,10845,1474920,1.463952,26,97.93,1.491144,0.57,18.12,362,1870,2024
INDIA,12805,1741480,1.301442,16,98.44,1.305912,1.6,11.96,395,1492,2013
USA,7289,473785,1.523562,42,98.52,1.368988,1.73,12.88,256,545,2011
INDIA,20141,1792549,1.46538,6,97.39,1.647914,2.09,23.48,441,554,2025
BRAZIL,9637,1040796,1.298363,41,95.89,1.141917,0.63,17.02,418,880,2004
UNITED KINGDOM,8917,624190,1.546082,35,97.53,0.96737,2.96,20.0,441,803,2004
SOUTH KOREA,3044,261784,1.143876,9,95.86,1.418424,1.11,20.76,462,228,2024
JAPAN,15950,1770450,1.2916,18,95.49,1.307326,0.56,16.1,33,1529,2016
CANADA,855,65835,0.969665,35,98.11,0.933248,1.02,23.88,217,1965,2017
CHINA,29092,2414636,1.039566,24,95.03,1.444201,2.56,12.2,204,605,2014
ENGLAND,26433,1163052,0.82521,3,98.1,1.619219,2.06,12.01,330,1528,2012
GERMANY,4878,609750,0.911442,44,97.37,1.618026,2.77,11.31,253,998,2021
ITALY,16959,1102335,1.444095,30,95.72,1.652701,0.96,18.51,459,2875,2022
AUSTRALIA,4498,508274,1.119726,28,97.63,1.302104,1.14,20.52,36,2886,2016
INDIA,24053,2934466,1.279487,5,99.67,1.622553,2.28,22.27,157,2133,2004
GERMANY,10252,1527548,1.412435,26,97.38,1.019505,2.12,12.59,22,1020,2006
SWITZERLAND,21804,2921736,1.314449,30,95.36,1.401466,1.13,22.06,396,2968,2025
SPAIN,11207,986216,1.163966,33,95.65,1.337532,1.87,11.34,341,2864,2021
SWEDEN,24928,1445824,1.570475,32,98.75,0.963261,1.62,11.53,480,2837,2019
CANADA,27823,945982,0.986952,5,96.15,1.470928,2.68,11.9,272,615,2015
SWITZERLAND,3661,289219,1.031309,35,95.79,1.460278,2.4,11.59,442,1276,2007
AUSTRALIA,24840,1043280,1.210814,17,96.76,1.323414,1.96,21.95,449,2736,2024
CHINA,3013,156676,1.465553,18,97.88,1.647632,2.32,23.77,335,1094,2019
BRAZIL,24683,2961960,1.22221,25,95.52,1.091076,2.87,14.58,227,544,2018
BRAZIL,10480,1530080,0.968368,7,96.58,1.335287,1.88,15.35,250,2168,2008
CHINA,12453,448308,0.947548,6,97.24,1.507616,1.01,20.64,326,358,2004
FRANCE,27079,3303638,1.070986,1,99.63,1.633661,1.96,16.94,130,2653,2013
SWITZERLAND,3753,243945,1.456735,31,96.56,1.624729,0.82,12.68,241,2915,2023
NETHERLANDS,4013,172559,1.555013,27,96.84,1.638629,1.86,14.05,291,236,2005
FRANCE,19439,1613437,0.830439,42,97.59,1.061665,0.78,15.75,276,532,2006
SWITZERLAND,12259,1458821,1.382029,19,95.74,1.12774,1.44,21.34,123,2045,2009
BRAZIL,3935,586315,1.296445,4,98.43,0.989609,2.62,17.99,421,1627,2020
SWEDEN,14517,2061414,1.392303,11,98.84,1.034494,1.78,17.31,492,1004,2019
USA,20438,2595626,1.232174,39,95.31,1.049877,0.58,21.15,180,1138,2008
JAPAN,5830,390610,1.468863,44,95.08,1.483939,2.72,10.93,465,620,2018
SPAIN,21350,2562000,1.319634,18,95.26,1.400673,0.64,22.55,235,1641,2016
SWEDEN,3265,280790,1.505927,12,95.97,1.155054,1.98,13.15,144,2369,2012
SWEDEN,5775,513975,1.037771,6,96.26,0.974013,0.75,12.99,177,1170,2012
JAPAN,9666,415638,0.994754,44,95.46,1.664051,2.03,10.02,478,2030,2011
ITALY,8137,1098495,1.558285,28,97.37,1.152443,2.47,20.23,127,2456,2013
CANADA,24951,2969169,1.418272,49,96.31,1.316156,1.91,10.23,302,837,2011
JAPAN,19962,2914452,1.125135,39,96.8,0.984644,2.07,11.82,141,1613,2025
SOUTH KOREA,18885,2398395,1.112191,7,97.42,0.903168,1.75,15.76,259,2039,2004
INDIA,10310,1474330,1.32058,3,96.91,1.432665,1.04,13.32,412,2205,2010
UNITED KINGDOM,3068,205556,1.132125,41,95.82,1.537936,2.3,11.29,412,2266,2018
USA,9026,893574,1.062198,10,96.96,1.339902,2.05,19.95,215,1028,2004
INDIA,13539,1380978,1.48123,3,95.93,1.269631,2.76,10.76,271,2910,2024
ITALY,14747,2094074,1.080005,9,98.26,1.262203,2.59,24.42,209,1992,2007
CANADA,16617,1927572,1.474944,44,97.65,1.543088,1.77,10.94,298,609,2011
FRANCE,14363,732513,1.494179,8,99.74,1.261772,0.86,15.84,208,2584,2006
SOUTH KOREA,14121,1454463,1.35867,3,96.72,0.966606,2.31,14.67,148,1811,2025
JAPAN,22011,1276638,1.188213,49,95.8,1.352483,1.76,10.2,43,2895,2011
ITALY,18802,676872,1.510914,46,98.29,1.115552,1.19,24.0,486,1328,2011
USA,904,94016,0.867497,6,98.03,1.307607,1.86,15.39,311,1515,2024
CHINA,12285,1621620,1.052333,11,97.29,0.942168,0.59,20.76,127,263,2015
SWEDEN,4122,296784,0.9945,39,95.62,1.231547,2.41,23.5,277,2950,2019
SPAIN,19776,2392896,1.459614,4,99.04,1.594562,1.54,20.47,67,1216,2022
SWITZERLAND,691,84302,1.214565,39,99.51,1.674735,1.85,16.87,342,538,2004
INDIA,22378,1230790,1.478786,44,96.18,1.275843,1.64,18.73,420,1778,2020
SWEDEN,8914,463528,1.464162,12,98.02,1.054153,2.02,20.16,162,1456,2014
NETHERLANDS,1514,157456,1.265163,37,99.74,1.611869,2.0,17.95,354,1494,2013
SWEDEN,25174,1661484,1.167692,38,97.49,1.693465,1.17,22.5,95,491,2005
ITALY,17959,1975490,1.307003,17,99.85,1.122313,1.75,14.94,416,1631,2004
CANADA,5981,861264,1.347367,29,97.86,1.668174,2.15,17.84,401,265,2008
JAPAN,26649,2984688,1.552552,26,96.02,1.064176,0.97,11.88,432,2835,2017
CANADA,4991,573965,1.532333,18,98.91,1.115534,2.72,12.06,235,2377,2007
SWITZERLAND,8683,703323,1.384104,16,98.76,1.11463,1.98,20.82,403,2843,2004
SOUTH KOREA,16492,1566740,0.860427,6,97.75,1.342163,0.79,11.89,473,1913,2008
SWITZERLAND,11955,322785,1.378271,14,97.92,1.331355,2.92,17.26,296,1758,2018
CHINA,28201,1494653,0.839675,49,95.16,1.299336,2.0,10.94,198,1766,2007
USA,11758,1552056,1.012183,44,99.33,1.658559,1.72,20.53,54,2366,2024
GERMANY,5038,408078,1.547226,36,98.56,1.075746,1.62,21.95,498,801,2014
SWEDEN,17570,931210,1.403015,17,95.57,1.322542,0.82,18.89,91,2328,2008
SOUTH KOREA,7142,592786,0.808038,6,95.55,1.114804,1.73,22.55,186,2543,2025
BRAZIL,10464,941760,1.128653,1,96.9,1.254961,2.73,16.17,400,2786,2014
CANADA,733,82096,0.96094,33,99.82,1.572886,0.59,19.88,461,1863,2014
SPAIN,3791,159222,1.079096,37,95.26,1.526279,2.61,21.99,168,1251,2013
SWITZERLAND,8369,418450,1.38173,15,97.63,1.489775,2.07,17.08,25,1546,2020
GERMANY,8256,462336,1.598849,44,98.6,0.964015,1.4,22.88,306,2862,2010
INDIA,12729,1018320,0.97635,39,99.25,1.299747,0.65,20.72,333,1821,2021
CANADA,18233,2406756,1.247163,28,97.54,1.683411,2.24,20.08,271,2677,2020
INDIA,15869,1761459,1.400217,1,97.56,1.368523,0.52,21.42,215,898,2023
GERMANY,29646,3824334,1.403946,37,99.32,1.374919,2.02,16.05,351,1799,2011
CANADA,26105,3576385,1.10917,25,98.66,1.339812,1.63,12.54,346,248,2023
GERMANY,1569,54915,0.848007,29,96.82,1.355137,2.7,24.13,88,697,2004
BRAZIL,14447,939055,1.071754,13,95.24,1.05285,2.48,16.81,161,850,2020
CANADA,29798,2443436,1.186303,35,96.33,0.994001,1.13,23.81,410,2955,2008
SWITZERLAND,10916,1135264,1.277115,20,96.04,1.316108,1.69,13.88,389,2601,2007
SOUTH KOREA,15191,941842,0.956287,27,98.74,1.09825,0.59,11.53,31,972,2004
SOUTH KOREA,4171,600624,1.138162,8,98.55,0.990585,1.52,17.28,115,1439,2005
UNITED KINGDOM,8993,494615,1.028673,38,98.4,1.344697,2.25,16.18,61,1922,2012
CHINA,6420,494340,0.855444,9,99.44,1.369896,0.71,16.75,239,370,2007
CANADA,26870,1665940,1.195678,3,95.44,1.298023,1.16,20.87,431,1180,2014
ENGLAND,10277,924930,0.958402,18,96.57,1.042665,1.1,16.27,163,2986,2007
SWEDEN,14745,1666185,0.907983,11,97.74,1.187201,2.52,15.82,70,570,2003
CHINA,2696,288472,0.858276,12,98.65,1.021584,0.83,15.18,279,123,2021
ITALY,3503,399342,1.257066,16,98.11,1.102561,1.89,17.91,247,2468,2020
SOUTH KOREA,12260,1152440,1.491522,43,97.53,1.323658,1.5,14.46,294,486,2009
GERMANY,23015,1403915,1.44257,32,97.36,1.475663,1.4,19.15,115,2996,2025
NETHERLANDS,1169,162491,1.396318,27,96.48,1.267477,2.54,23.95,62,1078,2015
INDIA,23383,3343769,1.522619,4,97.44,1.250934,1.05,11.96,176,1836,2019
INDIA,9337,625579,1.150225,7,97.3,1.373041,2.72,23.33,174,1460,2023
BRAZIL,21171,1714851,0.81383,33,99.2,1.279282,0.51,10.17,211,1627,2018
SWITZERLAND,18551,1038856,1.250532,25,95.87,1.610827,1.6,12.14,67,1590,2013
SPAIN,18108,851076,1.311436,39,97.34,1.695651,2.2,11.11,280,2118,2023
SOUTH KOREA,17324,1524512,1.029922,22,97.54,1.369878,0.94,24.44,484,1285,2023
ENGLAND,3762,105336,1.029477,49,97.93,1.381461,0.66,24.59,71,1565,2018
UNITED KINGDOM,20993,2057314,1.01144,36,95.55,1.59602,2.09,12.47,473,918,2014
BRAZIL,14939,1792680,1.162733,18,97.88,1.010627,1.57,18.28,280,2335,2007
JAPAN,22919,2429414,1.550975,46,99.17,1.340436,2.56,14.55,74,432,2007
NETHERLANDS,14324,1418076,1.007836,28,99.71,1.150276,0.75,17.9,406,1933,2017
JAPAN,5587,659266,1.228331,31,99.01,1.66633,2.56,18.47,443,2856,2014
INDIA,7353,360297,0.84361,11,98.9,1.281717,0.83,13.53,63,989,2010
ITALY,25868,724304,1.447542,12,97.55,1.680196,2.91,13.23,139,449,2024
FRANCE,26643,3330375,0.899547,1,96.98,1.645236,0.72,17.67,17,1448,2014
ITALY,20069,2849798,1.336357,43,99.74,1.631799,0.92,11.82,163,2049,2018
FRANCE,20156,2600124,0.954899,42,96.52,1.306007,1.5,22.83,120,2003,2023
USA,26458,1005404,1.425033,49,95.53,1.306535,2.34,24.88,84,1251,2013
CANADA,2234,167550,1.527204,19,98.99,1.087138,1.0,20.73,226,1829,2017
SWITZERLAND,2691,247572,1.566383,35,97.09,1.486271,1.34,14.93,324,396,2022
SPAIN,20067,2307705,1.188505,28,95.15,0.907824,0.69,18.03,391,2285,2007
FRANCE,7586,713084,1.549329,12,96.76,1.01952,1.77,16.91,460,1408,2011
SWEDEN,22277,868803,1.106854,34,97.37,0.989309,0.79,22.02,219,1537,2003
ENGLAND,28428,1080264,1.487073,8,98.15,1.110008,0.63,13.46,410,1777,2016
SOUTH KOREA,13286,372008,1.186453,21,95.34,0.946574,2.82,19.73,119,814,2011
UNITED KINGDOM,9639,221697,1.528667,40,95.48,1.549744,2.67,12.58,445,951,2014
CHINA,7151,622137,1.239543,9,96.87,1.125433,2.3,22.93,115,2698,2005
BRAZIL,16335,1257795,0.903004,19,97.18,0.93948,1.92,15.74,391,1081,2004
CHINA,8237,1186128,0.80377,15,97.77,1.510636,0.84,13.43,260,723,2015
SPAIN,9347,579514,1.157418,3,97.29,1.610034,2.1,16.2,186,2210,2023
NETHERLANDS,1457,99076,1.225072,33,99.75,1.646462,2.68,16.33,288,1841,2010
SWEDEN,21585,1381440,1.328376,7,95.55,0.960504,1.94,19.64,258,1369,2006
SWEDEN,17823,1675362,0.933976,25,96.73,1.005975,2.18,17.63,42,1916,2022
NETHERLANDS,15393,1416156,1.474028,23,99.3,0.932225,2.51,15.53,125,1906,2018
ITALY,27828,3367188,0.927706,36,97.84,1.433629,2.78,15.18,120,1444,2023
ITALY,17614,1338664,0.949418,49,96.81,1.452021,1.47,15.19,120,175,2009
SPAIN,20113,784407,0.99898,9,98.95,1.123739,0.98,17.56,478,2156,2013
NETHERLANDS,512,35840,1.515346,17,97.7,1.553435,2.9,21.89,177,720,2019
NETHERLANDS,4290,270270,1.587458,33,95.01,0.907536,2.52,13.89,498,1488,2010
CHINA,23391,2643183,1.158906,37,99.23,1.112817,1.98,17.59,210,225,2011
ENGLAND,6949,750492,1.350575,32,95.1,1.06415,1.72,23.17,398,716,2023
BRAZIL,25222,1059324,1.018235,30,95.59,1.542125,1.12,23.49,195,1523,2006
UNITED KINGDOM,21837,720621,1.307038,47,97.94,0.927438,1.74,12.32,364,1850,2015
UNITED KINGDOM,17380,1581580,1.14595,4,99.77,1.077161,2.51,10.87,72,835,2018
INDIA,19668,2596176,1.256875,39,96.64,1.512085,1.58,17.26,389,1526,2018
ITALY,9355,1000985,1.219324,22,96.52,0.968635,0.73,23.85,37,2724,2022
UNITED KINGDOM,19972,2276808,1.085379,37,99.09,0.934929,1.09,23.35,113,303,2016
SWITZERLAND,26152,3608976,1.290721,20,96.53,1.288835,2.16,17.92,262,394,2006
ITALY,23695,1326920,1.534628,43,95.94,1.313694,2.77,22.07,402,973,2025
SOUTH KOREA,25167,1057014,1.525971,40,97.62,1.60357,1.53,17.23,25,377,2009
SPAIN,28132,2138032,1.059605,43,98.69,1.629273,1.89,17.91,416,2233,2005
NETHERLANDS,26333,2001308,0.957959,31,98.28,1.001027,2.86,11.99,329,450,2003
BRAZIL,679,35987,1.546875,35,98.07,1.612961,1.76,11.16,297,1206,2024
SWITZERLAND,5844,800628,1.456375,15,99.03,1.314659,1.65,14.72,366,567,2003
BRAZIL,1365,61425,1.491633,9,97.99,1.399354,0.83,21.34,195,1979,2004
ENGLAND,5872,187904,1.454281,19,98.96,1.185112,0.75,24.43,247,2523,2019
FRANCE,29253,3481107,1.201153,17,99.81,1.007798,1.29,17.28,418,1090,2024
USA,3682,77322,1.103939,49,96.25,1.631621,0.78,21.36,266,1312,2008
SWEDEN,7907,964654,1.509292,4,95.64,1.512926,2.83,24.21,65,458,2020
ITALY,22653,2741013,0.890087,41,96.44,1.292555,1.6,21.4,189,1885,2024
CANADA,13530,568260,1.013768,40,99.19,1.525308,0.76,11.61,282,2391,2009
JAPAN,13114,865524,1.55686,46,97.15,1.332606,2.92,13.83,230,2220,2004
BRAZIL,16605,381915,1.255581,18,97.75,0.958514,2.41,14.27,196,2690,2015
ENGLAND,2607,357159,1.495041,25,97.13,1.555542,2.76,11.8,123,1790,2008
ITALY,16024,1762640,1.184086,15,95.8,1.549931,2.63,23.72,315,2001,2024
CHINA,21374,1987782,1.115956,17,95.25,0.935105,2.3,16.67,148,2606,2012
GERMANY,29241,4327668,1.335963,13,96.6,1.495892,0.7,10.73,471,739,2015
SOUTH KOREA,29037,2555256,0.900922,32,98.14,0.918746,1.58,23.13,423,2207,2012
SWEDEN,756,63504,1.284811,38,95.25,0.98365,2.7,17.91,306,668,2016
NETHERLANDS,24484,1640428,1.026806,47,97.72,1.172816,2.9,18.21,458,2940,2020
BRAZIL,756,51408,1.32255,43,96.78,1.411509,0.82,16.45,429,1696,2023
GERMANY,12548,853264,0.832469,20,96.26,1.471121,1.7,16.04,302,145,2010
USA,1693,57562,1.416554,11,96.78,0.953124,2.97,10.59,103,837,2005
SOUTH KOREA,9780,1046460,1.559133,22,96.14,1.386157,1.51,13.12,316,2686,2009
CHINA,13001,1209093,1.329273,31,95.93,1.358793,1.04,22.92,246,1304,2010
INDIA,20784,1350960,1.594217,16,95.24,1.1148,2.14,18.0,121,1945,2004
SOUTH KOREA,14442,2108532,1.139863,11,96.31,1.263961,1.68,20.6,124,1918,2024
GERMANY,26648,1732120,0.83376,4,95.79,1.687932,0.69,20.18,90,2832,2017
CANADA,24717,3410946,1.500291,28,97.22,1.332489,2.62,17.2,175,1720,2017
SWITZERLAND,23488,3335296,1.33935,44,96.46,1.238032,1.25,13.95,481,2342,2011
SWITZERLAND,20625,783750,1.346748,19,97.11,1.039829,2.97,18.42,187,2389,2012
ENGLAND,7870,393500,0.875791,16,95.12,1.178882,2.3,11.2,185,1249,2013
CANADA,28641,1890306,1.247995,43,98.98,1.002864,0.55,20.34,338,1685,2013
FRANCE,11346,351726,1.257926,5,97.87,1.310536,1.74,14.99,66,756,2014
INDIA,19866,2165394,1.147023,45,96.25,1.560108,1.71,18.15,445,1748,2020
NETHERLANDS,15135,438915,1.293003,15,98.38,1.212301,1.54,17.04,269,690,2005
GERMANY,15620,1983740,1.047705,47,99.35,1.462393,1.04,12.75,195,578,2015
AUSTRALIA,27615,552300,1.517397,37,99.22,0.904355,0.59,23.68,355,487,2012
ENGLAND,6401,665704,1.408485,4,98.19,0.993019,1.84,16.56,236,2441,2008
SWEDEN,5195,155850,1.497067,47,96.42,1.686985,2.9,14.81,183,2937,2018
USA,27457,3624324,1.531052,14,99.42,1.345943,2.67,22.52,316,1546,2025
SPAIN,26516,1272768,1.068928,31,99.27,1.3102,1.5,17.46,147,571,2017
FRANCE,6717,403020,1.497241,3,95.47,0.943369,2.31,11.22,118,1091,2023
FRANCE,27008,2376704,1.566264,7,95.54,1.217833,1.34,18.54,411,1731,2017
NETHERLANDS,6952,180752,1.202896,49,96.04,1.435003,1.86,22.49,426,2268,2006
FRANCE,8473,1194693,1.557103,4,96.24,1.606987,1.9,12.79,25,1016,2023
ITALY,26784,3910464,1.415714,18,99.02,1.128195,1.1,21.8,140,1341,2013
SOUTH KOREA,14460,1807500,1.248279,24,99.56,1.531503,2.31,14.11,466,1776,2023
GERMANY,1397,183007,0.867719,19,99.1,1.018907,1.64,17.39,94,266,2021
GERMANY,27507,2503137,1.123723,9,96.43,1.599918,2.43,16.27,242,2637,2019
JAPAN,2256,200784,1.167176,25,96.24,1.563715,2.26,24.19,163,539,2022
BRAZIL,23767,641709,1.224556,37,97.2,1.050906,1.77,17.93,483,2115,2019
USA,6091,785739,1.331033,32,96.71,1.134137,1.48,15.13,337,1692,2023
NETHERLANDS,4761,499905,0.875248,20,98.05,1.465375,1.25,16.18,77,2622,2006
SWEDEN,12623,1817712,1.190484,33,98.29,1.215473,0.5,11.8,282,1131,2016
BRAZIL,25283,3640752,1.21749,1,97.18,1.655197,0.62,22.75,186,2997,2011
CHINA,9524,971448,1.448349,8,95.06,1.697938,1.2,20.02,347,789,2023
GERMANY,23912,2725968,1.523228,18,99.12,1.578112,2.43,23.21,434,846,2020
BRAZIL,2984,244688,1.510567,32,96.95,1.096223,1.62,14.81,154,1982,2020
BRAZIL,28416,2585856,1.341112,12,95.77,1.452498,1.78,19.76,402,588,2005
SOUTH KOREA,21701,1041648,1.400535,36,95.2,1.321856,2.72,22.57,332,1098,2020
BRAZIL,22757,1661261,1.515178,13,96.63,1.250639,1.16,12.47,265,2708,2025
BRAZIL,7868,165228,1.423204,22,97.79,1.549527,2.52,12.85,382,2096,2008
SOUTH KOREA,19026,2739744,0.925142,7,98.56,1.57346,1.25,14.75,271,188,2010
GERMANY,22918,1948030,1.468626,37,96.68,1.515818,1.9,23.24,436,309,2006
SWITZERLAND,25963,752927,1.399452,29,96.43,1.113519,2.82,12.59,237,2310,2019
SWITZERLAND,26114,2924768,1.199394,18,98.66,1.149363,1.27,22.57,339,1855,2010
UNITED KINGDOM,7532,165704,1.274388,15,95.62,1.26954,2.61,23.46,490,2231,2010
SOUTH KOREA,1600,38400,1.400632,27,97.75,1.455862,2.49,15.1,63,999,2013
INDIA,18385,2095890,1.472628,13,96.8,1.089656,1.62,11.09,174,1150,2020
BRAZIL,24269,3106432,1.31182,19,95.87,0.987709,1.92,23.93,47,1171,2011
ENGLAND,19518,2459268,1.445197,22,95.69,0.900632,2.53,11.31,335,1880,2010
ITALY,20424,2226216,0.966922,28,97.84,1.030013,2.19,12.0,232,278,2010
AUSTRALIA,19731,868164,0.837147,2,99.51,1.002899,1.61,22.23,264,2623,2025
ITALY,16665,1333200,1.335747,25,99.32,1.613456,0.99,19.21,465,1392,2012
AUSTRALIA,18538,1149356,1.370657,7,98.06,1.126033,1.45,11.54,312,186,2005
USA,23857,1145136,1.486334,29,96.59,1.167372,0.56,15.12,80,2822,2023
AUSTRALIA,1184,100640,1.305978,36,99.31,0.910408,2.86,17.34,220,401,2023
UNITED KINGDOM,5705,228200,1.26514,19,96.29,1.663712,2.01,24.01,498,2886,2010
BRAZIL,23823,2120247,1.484658,44,95.91,1.115488,2.5,16.81,243,2992,2012
SOUTH KOREA,1698,161310,1.104984,31,98.53,1.583655,1.14,10.31,386,842,2012
UNITED KINGDOM,20964,2809176,0.882716,33,97.25,1.190008,1.97,19.37,432,544,2004
SPAIN,9950,1253700,1.304827,18,96.87,1.229482,2.32,16.77,359,2223,2003
SWITZERLAND,13334,400020,1.068757,4,95.47,1.060375,1.53,13.09,175,802,2019
UNITED KINGDOM,24226,484520,0.965976,22,98.39,1.206455,2.67,18.52,259,1648,2006
AUSTRALIA,12438,771156,1.171752,47,99.13,1.082777,2.67,10.5,310,1799,2018
FRANCE,19921,1215181,1.358392,15,99.1,1.30984,0.84,18.56,192,2992,2007
UNITED KINGDOM,9947,1233428,1.505523,31,95.97,0.907361,2.07,14.75,297,2511,2004
SWITZERLAND,29373,3906609,1.076663,9,95.04,1.571366,0.58,24.1,12,1012,2004
CHINA,13762,1775298,0.812358,48,96.9,1.417778,0.61,10.81,404,1597,2013
AUSTRALIA,3588,398268,1.251356,13,99.03,1.068038,1.49,14.75,377,929,2003
CHINA,24931,3365685,1.366227,35,99.16,1.464846,1.73,13.87,317,2756,2020
NETHERLANDS,8998,917796,1.015296,13,97.35,0.935729,1.27,14.38,224,2751,2018
FRANCE,25378,1446546,1.385953,15,95.24,0.901878,1.11,20.21,352,2576,2025
UNITED KINGDOM,734,82208,1.128768,33,97.14,1.677561,0.59,14.74,90,2183,2022
SWITZERLAND,13878,2053944,0.88464,47,95.47,0.975963,2.32,14.86,385,1714,2003
INDIA,17785,675830,1.207806,29,99.89,1.611074,0.62,18.45,191,1012,2017
SWEDEN,996,73704,1.330802,2,99.66,0.95061,2.01,10.86,140,1993,2016
JAPAN,4850,552900,1.465259,30,96.2,1.510646,1.97,13.92,432,935,2005
USA,10355,1159760,0.902813,29,98.37,1.383305,2.84,13.51,231,1793,2008
USA,29430,4149630,1.212998,49,99.52,1.505975,2.33,20.64,136,296,2006
CHINA,2768,304480,1.157771,32,97.15,1.525601,2.46,16.8,447,1387,2007
SWITZERLAND,27920,3182880,1.323821,22,99.48,1.386867,1.9,24.42,396,1558,2019
CHINA,28343,3004358,1.52675,20,98.6,1.142797,1.36,24.87,258,378,2010
BRAZIL,8107,543169,1.456863,2,98.4,0.931769,2.6,16.72,150,2887,2019
AUSTRALIA,3222,473634,1.417792,2,98.94,1.117602,2.31,13.09,288,1766,2016
JAPAN,21395,1026960,1.163538,46,96.05,0.908538,2.44,22.32,404,2613,2009
BRAZIL,10982,439280,0.879175,18,96.32,1.549512,1.83,10.79,458,861,2024
ITALY,3685,165825,1.364051,33,95.49,1.466018,0.58,23.05,388,1625,2025
JAPAN,1260,128520,0.940538,32,99.47,1.421988,2.43,15.38,145,1319,2017
CANADA,21112,2216760,1.241463,23,95.6,1.246771,1.49,24.07,449,677,2003
CANADA,4014,104364,1.066694,17,96.03,1.092702,0.82,20.73,75,1760,2018
GERMANY,4914,520884,1.025999,34,98.58,1.326301,2.83,24.27,26,1749,2021
SWEDEN,29463,1620465,1.328582,33,97.04,1.580302,1.07,13.6,86,307,2013
USA,16743,418575,0.907592,24,99.44,0.966431,0.98,16.61,330,919,2014
ENGLAND,20702,1966690,1.111081,8,99.68,1.628514,2.91,16.42,237,2981,2007
INDIA,13645,941505,1.199695,16,98.85,0.914448,1.71,14.97,75,266,2008
AUSTRALIA,6204,452892,1.223867,18,99.85,1.443327,2.96,10.43,456,1537,2004
SWITZERLAND,25504,3621568,1.546892,36,96.14,1.522698,2.02,24.56,206,1303,2007
INDIA,13811,1450155,0.850829,4,98.02,1.452761,1.51,23.13,134,1696,2008
CHINA,19238,557902,1.099151,49,98.47,0.991551,1.26,21.72,376,1212,2007
SWITZERLAND,10926,764820,1.337761,4,95.51,1.654417,2.49,12.72,339,1157,2011
USA,10647,947583,1.121836,16,97.8,1.284072,1.73,20.83,90,2322,2008
UNITED KINGDOM,18129,2211738,0.815602,31,98.36,1.248972,0.99,22.24,283,381,2010
ITALY,11099,821326,1.32748,6,99.81,1.058425,0.84,10.85,184,2396,2006
CHINA,17118,1746036,0.979054,10,96.42,1.019414,1.1,24.04,131,2157,2008
JAPAN,16658,1315982,0.908146,37,95.59,1.084587,1.38,21.37,214,2048,2011
ITALY,20371,2016729,0.852714,6,95.01,1.644719,0.78,16.09,355,1489,2006
NETHERLANDS,18884,377680,0.846829,34,99.29,1.548662,2.95,23.9,422,1375,2004
AUSTRALIA,28159,1886653,1.20524,48,98.37,1.682923,2.32,23.93,447,645,2008
SPAIN,3322,425216,1.518237,1,95.82,1.365321,2.94,21.42,260,489,2016
JAPAN,13991,1497037,1.161495,29,95.54,1.254212,1.13,23.64,455,2535,2008
SPAIN,17993,665741,0.804251,24,98.58,1.262609,2.21,15.4,302,584,2014
CANADA,24498,1322892,1.438242,28,99.79,0.908536,2.06,16.19,163,2963,2024
UNITED KINGDOM,28571,1028556,1.584824,8,98.89,0.96848,0.96,21.38,185,2050,2012
SWEDEN,27743,2580099,1.325695,20,97.35,1.552532,0.66,22.23,212,1152,2009
ENGLAND,1213,135856,1.216524,48,95.8,0.92692,0.85,19.13,427,1040,2015
ENGLAND,7627,213556,0.820112,19,96.61,1.370236,2.62,16.62,259,1933,2023
ENGLAND,8192,851968,1.575552,36,95.35,1.051489,2.43,22.62,364,2827,2012
GERMANY,8565,513900,0.816224,42,96.27,1.466941,1.04,10.6,309,761,2008
ITALY,8473,321974,1.406642,3,98.02,1.688738,2.1,22.9,332,2269,2021
FRANCE,14063,1490678,1.105132,25,98.66,1.586212,1.74,11.96,391,1403,2006
JAPAN,16955,474740,1.152984,30,96.03,1.438018,2.26,18.38,49,1482,2023
SWEDEN,10722,868482,0.941697,5,98.94,1.245444,2.46,16.94,81,1083,2010
SPAIN,25534,919224,1.170095,26,99.03,1.343591,0.95,17.02,382,516,2016
INDIA,13842,1813302,1.44893,44,99.27,0.978446,1.59,24.43,125,355,2019
SOUTH KOREA,24132,748092,1.466702,19,96.38,1.324687,0.63,12.38,201,1147,2022
SWEDEN,22476,2225124,1.162696,21,98.45,1.420642,2.92,22.94,80,2873,2007
ITALY,28582,2400888,1.180847,31,96.94,1.494835,1.95,15.82,51,750,2016
FRANCE,11659,1060969,1.072548,13,95.84,1.430325,2.63,13.87,101,2319,2022
UNITED KINGDOM,22195,2130720,1.276037,46,97.97,0.971705,2.9,20.73,274,1803,2024
BRAZIL,27344,1832048,1.565469,42,99.16,1.57703,1.39,22.49,143,1514,2020
SWITZERLAND,14360,1033920,0.853179,44,96.86,1.258788,2.95,15.25,224,830,2005
SWITZERLAND,5423,591107,0.838366,8,97.8,1.508564,0.87,18.58,151,707,2014
CHINA,23053,2996890,1.13527,36,96.31,1.458377,0.5,23.07,214,2073,2014
